SWP_CF.F3,FPBPN0529,FPBPN0534,FPBPN0929,FPBPN0206,FPBPN1792,FPBPN1148,FPBPN1353,FPBPN0778,FPBPN0246,FPBPN1182,FPBPN1505,FPBPN1513,FPBPN0911,FPBPN0251,FPBPN0254,FPBPN0174,FPBPN0095,FPBPN0268,FPBPN0273,FPBPN1635,FPBPN1849,FPBPN0121,FPBPN0197,FPBPN1651,FPBPN1466,FPBPN1563,FPBPN0082,FPBPN0790,FPBPN1712,FPBPN1083,FPBPN1534,FPBPN1533,FPBPN0589,FPBPN0311,FPBPN0942,FPBPN1818,FPBPN1484,FPBPN1881,FPBPN1637,FPBPN1107,FPBPN1414,FPBPN1702,FPBPN0559,FPBPN1863,FPBPN1759,FPBPN1493,FPBPN1912,FPBPN1476,FPBPN1152,FPBPN1386,FPBPN0158,FPBPN2002,FPBPN1920,FPBPN1922,FPBPN0308,FPBPN1548,FPBPN0888,FPBPN0637,FPBPN1832,FPBPN1860,FPBPN1226,FPBPN0277,FPBPN0869,FPBPN1790,FPBPN1881,FPBPN1320,FPBPN0756,FPBPN0821,FPBPN1837,FPBPN1858,FPBPN0100,FPBPN0855,FPBPN0930,FPBPN1607,FPBPN1993,FPBPN1888,FPBPN0838,FPBPN0599,FPBPN0882,FPBPN1672,FPBPN1420,FPBPN0163,FPBPN1042,FPBPN1591,FPBPN1697,FPBPN1884,FPBPN0343,FPBPN1506,FPBPN0887,FPBPN0103,FPBPN0502,FPBPN1142,FPBPN1989,FPBPN1590,FPBPN1568,FPBPN0134,FPBPN0496,FPBPN1643,FPBPN1588,FPBPN0046,FPBPN0945,FPBPN0250,FPBPN1812,FPBPN0794,FPBPN1395,FPBPN0871,FPBPN1659,FPBPN0568,FPBPN0291,FPBPN0565,FPBPN0084,FPBPN1693,FPBPN1183,FPBPN0981,FPBPN1472,FPBPN1884,FPBPN0937,FPBPN1475,FPBPN1538,FPBPN1421,FPBPN1850,FPBPN1753,FPBPN0884,FPBPN1720,FPBPN1674,FPBPN0283,FPBPN0267,FPBPN1394,FPBPN1954,FPBPN0540,FPBPN1181,FPBPN0078,FPBPN0220,FPBPN1447,FPBPN0247,FPBPN0230,FPBPN0227,FPBPN1510,FPBPN0051,FPBPN0021,FPBPN1653,FPBPN0595,FPBPN1094,FPBPN0264,FPBPN0265,FPBPN0216,FPBPN0506,FPBPN1344,FPBPN0339,FPBPN0024,FPBPN1982,FPBPN0045,FPBPN0164,FPBPN1369,FPBPN1503,FPBPN0209,FPBPN0005,FPBPN1676,FPBPN0294,FPBPN0296,FPBPN0205,FPBPN0006,FPBPN0075,FPBPN1455,FPBPN0907,FPBPN0961,FPBPN0774,FPBPN0278,FPBPN0331,FPBPN0332,FPBPN0341,FPBPN0330,FPBPN1029,FPBPN1593,FPBPN0032,FPBPN0061,FPBPN0316,FPBPN1443,FPBPN0396,FPBPN0399,FPBPN1477,FPBPN1346,FPBPN1888,FPBPN0007,FPBPN0364,FPBPN0009,FPBPN1251,FPBPN1751,FPBPN1002,FPBPN0245,FPBPN1206,FPBPN0030,FPBPN0946,FPBPN0062,FPBPN0020,FPBPN0096,FPBPN0508,FPBPN0181,FPBPN1150,FPBPN0211,FPBPN1068,FPBPN1776,FPBPN1189,FPBPN0996,FPBPN0203,FPBPN0049,FPBPN0035,FPBPN1120,FPBPN0804,FPBPN1091,FPBPN0219,FPBPN0094,FPBPN0925,FPBPN1276,FPBPN0155,FPBPN0177,FPBPN1099,FPBPN0083,FPBPN0195,FPBPN1879,FPBPN0922,FPBPN1722,FPBPN1074,FPBPN0764,FPBPN0336,FPBPN0111,FPBPN0348
,chrA01,chrA01,chrA01,chrA01,chrA01,chrA01,chrA01,chrA01,chrA01,chrA01,chrA02,chrA02,chrA02,chrA02,chrA02,chrA02,chrA02,chrA02,chrA02,chrA02_random,chrA02_random,chrA02_random,chrA03,chrA03,chrA03,chrA03,chrA03,chrA03,chrA03,chrA03,chrA03,chrA03,chrA03,chrA03,chrA03,chrA03,chrA03,chrA03,chrA03_random,chrA03_random,chrA03_random,chrA03_random,chrA03_random,chrA03_random,chrA04,chrA04,chrA05,chrA05,chrA05,chrA05,chrA05,chrA05,chrA05,chrA05,chrA05,chrA05,chrA05_random,chrA06,chrA06,chrA06,chrA06,chrA06,chrA06,chrA06,chrA06,chrA06,chrA06,chrA06,chrA06,chrA06,chrA06,chrA06,chrA06_random,chrA06_random,chrA06_random,chrA07,chrA07,chrA07,chrA07,chrA07,chrA07,chrA07,chrA07,chrA07,chrA07,chrA07,chrA08,chrA09,chrA09,chrA09,chrA09,chrA09,chrA09,chrA09,chrA09,chrA09,chrA09_random,chrA09_random,chrA09_random,chrA10,chrA10,chrA10,chrA10,chrA10,chrA10,chrA10,chrA10,chrA10,chrA10,chrA10,chrA10,chrA10,chrA10,chrA10_random,chrA10_random,chrAnn_random,chrAnn_random,chrAnn_random,chrAnn_random,chrAnn_random,chrAnn_random,chrAnn_random,chrAnn_random,chrAnn_random,chrAnn_random,chrAnn_random,chrAnn_random,chrAnn_random,chrAnn_random,chrC01,chrC01,chrC01,chrC01,chrC01,chrC01,chrC01_random,chrC01_random,chrC02,chrC02,chrC02,chrC02,chrC02,chrC02,chrC02,chrC02,chrC02,chrC02,chrC02,chrC02,chrC02,chrC03,chrC03,chrC03,chrC03,chrC03,chrC03,chrC03,chrC03,chrC03,chrC03,chrC03,chrC03,chrC03,chrC03,chrC03,chrC03,chrC03,chrC03,chrC03,chrC03,chrC03,chrC03_random,chrC04,chrC04,chrC04,chrC04,chrC04,chrC04,chrC04,chrC04,chrC04,chrC04,chrC04,chrC04_random,chrC04_random,chrC05,chrC05,chrC05,chrC05,chrC05,chrC05,chrC05_random,chrC06,chrC06,chrC06,chrC06,chrC07,chrC07,chrC07,chrC07,chrC07,chrC07,chrC07,chrC07,chrC08,chrC08,chrC08,chrC08,chrC08_random,chrC08_random,chrC08_random,chrC09,chrC09,chrC09,chrC09,chrC09,chrC09,chrC09,chrC09,chrC09,chrC09_random,chrCnn_random,chrCnn_random,chrCnn_random,chrCnn_random,chrCnn_random,chrCnn_random
,0.514878,0.703358,1.369244,2.215359,2.895389,10.78985,10.817309,19.909355,22.358211,22.531472,0.087741,1.502136,2.489752,3.226218,3.871123,5.649105,8.210732,11.993043,16.198219,0.091358,0.254892,1.536315,0.024162,0.147737,0.296358,0.405185,0.6639,0.70146,1.497863,1.685007,2.284478,4.448107,5.013934,17.045117,21.247271,25.612844,26.513931,27.260527,0.044942,0.201725,0.213824,0.255099,0.277667,0.413683,0.169015,1.8038,0.023768,0.461434,1.058952,3.950031,4.29963,6.251317,7.233853,20.877284,22.397947,22.649704,0.02122,1.781797,9.778875,12.065984,14.032265,14.901607,15.186298,15.792108,16.091964,16.158648,18.150155,19.204496,19.608231,20.444626,21.075091,22.892194,0.095914,0.656274,1.525173,11.153248,13.76953,14.319699,15.63589,16.646553,19.233927,21.431623,22.069738,22.661153,22.739049,23.748031,11.578265,1.798337,3.664005,3.68239,25.24624,30.974936,31.568275,32.574265,33.343202,33.581058,3.063279,3.837803,3.854864,0.883434,7.251716,8.870804,9.328702,9.94138,10.468017,13.018675,13.281783,13.985698,14.410319,14.772418,14.871875,15.050477,16.696879,1.589754,2.124401,0.431617,0.622168,0.766419,6.154949,6.157076,6.160296,6.187452,12.902608,15.00328,18.211728,18.85042,33.215413,33.528179,39.621903,3.087478,3.351879,22.00296,26.686577,36.989908,38.284398,1.520743,2.919577,0.291778,0.458325,0.548687,2.536878,8.101334,10.624893,19.170035,19.311107,21.120978,26.36768,35.427111,43.957832,45.437798,0.396237,1.67021,1.875468,2.566362,3.102596,3.126125,4.097056,5.662837,6.07355,6.166756,6.445228,6.705566,21.00435,22.204191,27.369002,29.681268,34.424519,37.052206,53.91216,55.618499,57.59944,5.722619,3.596369,5.339907,21.770503,22.276302,28.250025,33.875271,42.860976,45.456097,45.690888,46.731941,47.781264,0.103762,1.061749,1.528891,4.352625,10.697321,37.260221,39.947905,41.869674,3.688492,7.672147,14.601516,25.440381,35.172792,32.901079,34.886574,37.667879,42.109493,42.332719,43.411001,44.18274,44.22863,29.626749,33.648945,37.805298,38.353554,1.219847,2.111773,4.47364,3.698978,5.840699,5.846347,12.692063,21.178177,39.769681,42.386769,45.687499,45.735121,3.340225,2.157018,23.314357,26.753201,46.789801,61.995697,72.175027
2.6,N,N,N,H,N,N,N,N,N,H,-,H,H,H,N,H,D,H,H,-,-,N,H,D,-,D,D,-,-,D,H,D,N,D,H,-,N,N,D,-,H,D,D,D,N,D,D,H,D,D,D,-,-,H,D,-,-,N,N,-,-,H,N,N,N,-,N,N,N,D,N,N,H,N,-,-,H,N,H,-,H,D,D,D,D,H,H,-,D,H,H,-,-,N,N,N,N,N,N,H,H,H,-,H,H,H,H,N,D,H,H,D,D,H,H,H,D,H,H,H,H,H,N,H,H,D,H,H,N,N,N,N,N,D,D,N,N,H,H,H,-,N,N,H,-,N,-,H,N,H,-,D,D,-,H,N,H,H,N,D,N,H,N,N,D,H,N,N,H,H,H,H,D,-,D,D,H,-,-,D,D,N,-,-,D,D,H,N,-,N,H,H,H,H,H,H,N,N,N,N,N,N,H,H,N,N,N,H,H,H,N,H,H,-,H,N,H,N,H,-,H,H,-,N,H,D,D
4.11,H,H,D,H,-,N,N,H,N,N,H,H,H,H,H,N,H,H,H,-,N,H,H,D,H,H,H,H,D,-,H,-,H,H,H,-,N,-,D,-,D,-,H,H,D,H,-,H,H,N,H,-,-,-,-,D,-,H,-,-,H,-,H,D,-,D,H,H,-,-,H,H,H,D,-,-,N,D,N,N,-,H,N,-,N,-,D,-,N,N,H,-,-,H,N,N,N,-,N,H,H,H,-,H,H,N,H,N,H,H,H,-,D,H,-,-,H,N,H,H,-,H,N,D,D,H,H,H,-,N,D,H,N,H,H,N,N,D,H,N,-,H,D,H,H,H,N,H,N,N,-,H,H,-,D,-,H,H,H,H,H,H,N,-,H,H,H,H,D,-,-,D,H,N,N,H,H,H,H,N,H,N,-,H,H,H,N,D,-,H,H,N,N,N,N,H,N,H,H,N,N,-,H,H,N,H,N,H,H,H,N,N,N,-,H,N,H,N,H,-,H,-,H,H,-,H,N
.,N,D,H,H,D,H,H,H,H,N,-,H,H,H,N,H,H,N,H,-,H,N,H,-,N,D,N,D,D,D,-,-,H,H,N,H,-,H,-,-,D,D,-,D,D,N,H,N,H,H,H,H,N,N,-,N,-,N,N,D,N,N,N,-,H,-,N,N,N,N,N,N,N,N,H,-,N,N,N,-,D,H,N,-,N,N,D,-,H,H,H,H,H,-,-,N,-,-,-,D,D,D,D,D,-,D,D,H,D,H,H,H,N,D,-,N,H,H,N,N,H,H,H,N,-,D,N,-,H,D,H,H,H,-,-,H,H,-,H,H,-,H,N,N,N,D,H,H,D,N,D,N,D,N,H,H,H,-,-,D,H,H,H,N,H,N,H,N,H,D,D,D,-,D,H,D,H,H,H,H,H,D,-,H,H,H,H,N,-,H,D,D,N,H,D,N,D,H,H,D,H,H,N,H,H,D,H,H,N,H,H,H,H,H,H,H,D,H,H,N,D,H,N,N,D,N,H
0.46,H,H,H,H,H,H,H,H,N,N,H,H,H,N,H,N,H,D,D,H,H,D,H,N,N,H,N,H,H,-,-,H,H,H,H,H,H,H,D,D,D,H,H,H,H,H,H,H,H,H,D,D,D,D,H,D,H,H,D,D,D,-,D,D,H,-,H,H,H,H,H,H,H,D,N,N,D,H,H,D,H,H,H,-,H,H,N,H,N,N,H,D,H,D,H,H,H,D,-,H,D,D,D,D,D,D,D,N,H,H,D,D,N,D,D,H,H,H,H,H,H,H,H,H,-,H,D,N,H,H,H,N,H,H,N,H,H,H,H,N,D,H,N,H,D,H,N,H,H,H,H,H,H,H,-,H,H,D,-,H,H,H,N,H,H,H,D,D,H,N,N,N,H,-,D,D,D,D,D,H,D,N,N,H,H,H,H,D,D,H,H,D,H,D,H,D,N,N,N,H,H,H,H,H,H,N,H,H,H,H,H,N,N,N,H,H,D,H,D,N,D,N,H,D,N,D,H
6.5,D,D,D,N,-,D,D,N,H,H,N,N,N,N,-,H,N,H,H,-,-,H,N,-,H,N,D,-,H,N,-,-,H,-,N,-,D,-,-,D,N,N,N,-,D,-,-,-,D,D,D,-,-,-,-,D,-,D,-,-,H,H,H,-,-,D,H,-,N,-,H,H,D,D,H,-,H,H,H,-,H,N,N,-,N,-,N,-,H,D,H,-,-,H,D,H,H,-,-,D,H,H,-,H,N,N,N,H,N,N,N,N,D,N,N,-,N,N,N,N,-,N,H,H,N,N,H,N,-,N,D,D,D,D,H,D,H,N,N,N,-,H,H,H,N,N,D,-,H,H,N,N,H,-,D,D,N,-,H,N,H,H,N,N,H,N,-,-,D,H,N,H,-,-,H,H,-,-,H,N,H,H,-,H,D,H,N,H,H,N,N,D,H,D,H,H,D,N,N,H,H,H,-,H,H,H,H,H,D,H,H,D,H,-,D,H,N,H,N,-,H,H,-,H,H,H,H
0.3714,H,H,H,H,H,N,N,D,D,D,H,H,H,H,-,H,H,H,H,H,H,H,H,H,H,H,H,H,N,H,N,H,H,N,H,H,N,H,H,H,H,H,H,-,H,D,D,H,H,N,H,-,H,N,N,N,H,H,H,H,H,N,H,H,H,H,H,H,H,D,H,H,H,H,D,D,D,D,D,D,H,H,H,H,H,D,H,H,H,H,H,D,-,D,D,H,H,D,D,D,D,D,D,D,D,D,D,H,H,H,D,D,H,D,D,D,H,H,H,H,H,H,N,D,D,H,H,-,N,H,H,N,N,D,D,N,D,H,H,D,H,H,H,H,N,D,H,H,D,-,H,H,N,-,N,H,H,D,H,-,H,H,N,H,N,H,H,-,H,H,H,H,N,N,N,N,D,N,H,N,H,D,D,D,H,D,N,H,H,D,N,N,N,D,H,H,H,N,N,-,N,H,H,H,H,D,D,D,H,H,D,H,H,H,H,N,D,H,D,N,D,H,N,H,H,H,D
.,H,H,H,D,-,-,-,D,N,-,-,-,D,D,N,N,H,D,H,H,-,N,H,-,H,-,H,-,-,N,-,-,N,-,N,-,-,-,-,-,-,-,-,-,-,-,-,N,-,-,N,-,-,-,H,D,-,N,-,-,-,H,N,-,-,-,-,-,D,-,N,N,D,-,-,-,N,D,-,-,-,H,-,D,-,-,H,-,-,H,D,-,-,-,-,N,-,-,-,N,N,N,-,N,-,-,-,-,D,-,N,-,-,-,-,-,D,-,-,-,N,-,H,-,D,D,D,-,-,-,-,H,H,-,H,H,N,-,N,H,-,N,-,D,D,D,D,-,N,N,-,D,N,-,-,H,D,-,N,D,N,H,N,-,H,-,-,N,N,D,H,D,-,-,H,H,-,-,-,-,-,-,-,N,D,N,-,N,-,D,-,H,-,H,N,D,H,N,-,N,-,-,-,-,H,N,H,H,N,-,N,H,H,-,H,H,-,D,N,-,N,-,-,-,N,H,N
0.1367,D,D,D,H,D,D,D,H,N,H,H,H,H,H,N,H,H,D,D,H,D,N,H,H,H,H,H,H,N,H,N,H,N,H,H,H,N,H,H,D,D,-,-,H,H,D,H,D,D,D,H,-,D,H,H,H,D,N,N,-,N,N,N,N,H,N,N,-,N,H,N,N,D,N,N,-,H,H,H,H,H,H,H,H,H,H,H,D,N,N,H,D,-,H,H,H,D,H,H,H,D,D,D,D,D,H,H,H,H,D,D,-,H,D,D,H,H,H,H,H,H,H,D,H,N,H,D,-,H,D,D,H,H,H,N,H,H,H,H,H,H,N,H,H,D,H,N,H,D,N,-,H,N,D,N,D,H,D,N,H,N,N,N,H,H,H,N,N,H,H,H,H,-,H,N,N,H,H,H,N,H,N,-,H,D,D,D,N,-,H,H,H,D,H,H,D,D,H,H,D,N,H,H,N,D,H,H,H,H,H,H,N,N,N,H,H,D,H,H,N,D,N,H,N,H,H,H
4.95,H,H,H,H,H,D,D,N,H,N,H,H,H,H,H,N,H,H,H,N,N,H,H,H,H,H,H,H,N,H,N,H,N,H,D,H,H,H,H,H,H,-,H,H,H,H,H,H,H,N,H,N,N,H,H,H,H,H,H,H,H,H,H,H,H,H,H,H,H,H,H,H,H,-,H,N,N,H,H,H,H,H,H,H,H,-,D,H,H,H,H,H,H,H,H,N,H,H,H,H,H,H,H,H,H,H,H,N,H,H,H,-,H,H,H,-,H,H,H,H,H,H,H,N,N,H,H,N,H,H,H,N,H,N,N,D,H,H,H,H,D,N,H,H,H,N,H,H,H,D,H,H,N,N,N,H,H,H,N,H,N,N,N,D,D,D,H,H,H,D,D,D,N,N,H,H,N,H,H,-,H,H,N,H,N,N,N,H,H,N,H,H,H,N,H,H,H,H,H,H,H,H,H,N,H,H,H,H,N,H,H,H,H,H,H,H,H,N,H,H,H,H,H,H,D,H,H
2.6375,H,H,N,H,D,N,-,D,D,D,N,H,H,H,D,D,N,H,N,D,H,H,H,-,N,N,N,-,D,D,-,-,H,-,N,N,D,H,-,-,-,D,H,H,H,-,H,N,H,-,D,H,H,D,-,-,-,H,H,H,N,H,H,H,H,-,H,H,H,H,H,D,H,-,H,H,H,H,H,-,N,N,N,-,N,-,N,-,-,H,H,H,D,-,-,D,H,-,-,N,N,N,N,N,H,H,H,H,D,H,H,H,N,H,-,-,H,N,D,D,H,H,H,N,-,D,H,-,N,D,N,-,N,-,H,N,D,-,H,H,-,H,N,H,H,H,H,D,D,H,D,D,D,N,N,N,D,-,-,D,H,H,H,-,H,N,H,H,H,H,N,H,-,-,N,N,-,-,D,D,H,-,H,H,H,H,N,H,-,D,N,D,H,H,H,H,D,H,-,D,H,H,-,H,H,H,D,H,D,-,D,H,H,H,H,H,-,H,H,H,N,H,-,H,H,H,H
1.12,H,H,D,H,H,N,N,N,H,N,H,H,H,H,N,N,H,-,H,N,H,N,H,H,H,H,H,H,N,H,N,H,N,N,H,N,H,N,H,H,H,H,H,H,N,H,H,H,H,D,H,D,D,D,N,H,H,N,N,N,N,-,N,N,N,N,N,N,N,D,N,N,N,N,H,N,H,H,H,H,H,D,D,-,D,H,D,H,H,H,-,D,H,H,H,H,D,H,H,D,H,H,H,H,H,D,D,N,H,H,D,H,H,H,H,H,H,H,H,H,H,H,H,N,N,H,H,N,N,H,D,N,N,N,N,N,H,H,H,N,D,N,H,H,H,H,H,N,H,N,H,H,H,H,N,D,N,H,N,H,N,N,H,H,N,H,N,N,H,D,D,D,N,N,H,H,H,D,D,H,H,H,N,H,D,D,D,N,D,N,N,D,N,-,H,H,H,D,H,-,H,N,D,N,D,H,H,H,D,-,-,H,H,H,H,H,H,N,H,H,H,H,N,N,D,H,-
0.99,H,H,H,D,D,N,N,H,D,D,H,H,D,D,H,H,H,H,H,D,H,N,N,D,N,N,H,N,-,N,D,N,D,H,H,H,D,H,N,N,N,N,N,H,D,H,H,N,N,N,H,-,N,N,N,H,N,N,N,-,N,D,N,N,H,N,N,N,N,D,D,N,H,N,N,D,H,H,H,D,D,D,D,D,D,H,H,D,H,H,D,-,-,H,H,H,D,D,D,H,H,H,H,H,H,N,N,N,N,H,H,N,N,H,N,H,D,D,D,D,D,D,N,N,D,N,D,D,N,D,H,N,H,H,D,N,H,H,N,H,N,D,H,D,D,H,H,H,D,H,N,N,H,-,D,-,N,H,D,N,D,D,N,H,H,H,N,N,H,H,H,H,-,N,H,H,H,H,H,-,H,N,D,H,N,D,D,N,H,H,N,N,H,D,D,N,D,H,H,D,-,H,H,H,D,N,N,H,N,H,H,H,D,D,D,N,H,N,N,D,H,H,N,N,H,N,H
1.19,D,D,D,H,H,H,H,D,D,D,H,H,H,H,H,H,H,H,H,N,H,H,H,-,N,H,H,H,H,H,D,D,D,H,H,H,D,H,D,H,D,H,H,D,H,H,N,H,H,H,H,N,N,N,H,N,H,H,H,H,H,D,H,H,H,H,H,H,H,-,H,H,H,D,N,H,N,N,N,N,H,N,N,N,N,N,H,H,D,D,-,H,H,H,H,H,D,H,H,H,H,H,H,H,H,H,H,H,H,N,H,H,N,H,H,N,H,H,H,H,H,H,H,H,-,H,H,N,H,N,D,H,H,D,H,H,H,H,H,H,H,D,H,H,N,-,H,D,N,-,H,H,H,D,D,D,H,H,D,D,D,D,N,H,H,H,H,H,H,H,H,H,-,H,H,H,N,H,H,D,H,N,H,D,H,H,H,H,H,D,H,N,H,N,-,H,H,H,H,H,D,H,H,H,D,H,H,H,H,H,H,D,D,D,D,H,H,H,H,D,H,D,H,H,H,H,N
1.5375,H,H,H,H,H,H,H,H,H,H,H,H,H,H,H,H,D,D,H,H,H,H,N,N,H,N,N,N,H,N,H,N,N,H,H,H,D,H,N,H,N,N,N,N,D,N,D,N,N,H,N,H,H,D,H,D,N,N,H,H,H,H,H,H,H,H,H,H,H,-,H,H,N,H,N,H,D,D,D,D,D,D,D,D,-,D,H,H,H,D,D,H,D,D,D,D,H,D,D,D,D,D,D,D,H,H,H,H,N,H,H,-,H,D,H,D,H,H,H,H,H,H,H,H,H,N,D,H,H,H,H,H,H,H,H,H,D,H,H,N,H,N,H,D,D,D,D,H,H,N,N,N,H,-,H,H,N,H,N,H,N,N,D,H,H,H,H,H,N,H,H,H,D,D,H,H,D,H,N,H,H,N,H,N,D,D,H,H,-,H,H,D,N,D,D,D,H,D,D,H,D,H,H,H,H,D,N,D,H,H,D,D,D,D,D,H,H,H,H,-,D,D,H,H,H,D,D
16.32,D,D,D,N,H,H,H,N,-,N,N,N,N,N,N,D,H,N,N,N,H,N,N,N,N,N,N,N,H,N,H,N,D,H,H,-,D,H,N,N,N,N,H,N,H,H,H,H,H,H,H,N,N,N,H,-,H,H,N,N,-,H,N,N,H,N,N,N,N,N,N,N,H,N,D,D,H,H,H,H,H,H,H,-,H,H,H,N,-,H,H,H,H,H,N,H,H,-,N,H,N,N,N,N,N,N,N,H,N,H,N,N,N,N,N,H,N,N,N,N,N,N,H,N,D,N,-,N,H,N,D,H,H,D,D,H,H,N,N,D,H,D,D,N,N,N,N,H,N,H,N,N,N,-,H,D,N,N,-,N,D,D,N,D,D,D,N,N,H,D,D,D,H,-,H,H,-,H,H,-,N,D,D,H,H,D,D,D,N,N,H,N,H,H,N,N,H,D,D,-,D,H,H,H,H,H,N,H,D,H,H,H,H,H,H,H,N,H,N,H,N,N,H,N,-,N,-
15.9556,H,H,H,D,D,H,H,D,D,D,N,H,D,D,D,H,H,H,H,H,H,D,N,N,H,N,N,N,N,N,N,N,N,H,D,D,N,H,N,H,N,N,N,N,N,H,H,H,H,H,N,H,H,N,H,N,H,N,H,H,H,H,H,H,H,H,H,N,N,N,N,H,N,H,H,D,H,H,H,H,H,D,D,D,D,H,H,H,D,D,D,H,D,D,D,D,N,H,H,N,N,N,N,N,-,N,N,H,N,H,H,N,D,N,N,H,H,H,N,H,H,H,H,H,D,N,D,N,H,D,H,N,H,D,D,H,D,N,N,H,H,N,H,D,D,D,D,D,D,H,N,N,N,H,N,H,N,N,N,N,N,N,D,D,H,D,H,H,N,D,H,D,N,N,H,D,-,H,N,N,N,H,D,H,H,H,H,N,H,D,H,N,N,N,H,H,H,N,H,-,N,H,N,H,N,N,N,D,H,N,D,D,D,D,D,H,N,H,N,D,N,D,H,H,N,H,H
.,H,H,H,H,-,-,-,H,H,-,-,-,H,H,N,H,H,H,H,-,-,H,H,-,-,-,H,-,-,N,-,-,H,-,H,-,-,-,-,-,-,N,H,-,D,-,-,N,-,-,H,-,-,N,H,-,-,D,H,-,-,N,N,-,-,-,-,-,-,-,H,N,-,-,-,-,N,N,N,-,-,H,H,-,-,H,N,-,-,H,-,-,-,-,-,H,D,-,-,N,H,H,-,H,-,-,-,-,H,-,H,-,-,-,-,H,H,-,-,-,-,-,N,H,H,H,H,-,-,-,-,D,H,-,N,H,H,-,H,D,-,H,-,H,H,D,H,-,D,H,-,H,H,-,-,H,H,-,H,H,H,H,H,-,H,-,-,N,H,N,N,N,H,-,H,H,-,-,-,H,-,-,-,H,-,H,-,N,-,H,-,D,-,H,H,H,H,H,-,N,-,-,-,-,D,N,H,H,H,-,H,H,N,-,H,N,N,D,N,-,H,-,-,N,N,H,H
2.2714,H,H,H,N,H,N,N,D,D,D,N,N,N,H,-,H,H,-,H,H,H,D,H,H,H,H,H,H,H,H,H,H,H,D,D,N,N,-,H,-,D,N,-,H,D,H,N,H,H,D,N,D,D,N,-,N,-,H,D,D,D,H,D,D,-,D,H,H,H,-,H,H,H,D,N,H,H,-,H,H,H,D,D,-,D,H,H,N,N,N,H,H,D,D,D,D,D,H,H,H,D,H,H,H,H,H,H,N,H,H,H,N,H,H,H,H,N,N,N,N,N,N,N,D,H,H,H,N,N,D,D,N,N,D,H,N,D,N,H,N,-,N,N,H,N,H,H,D,H,H,H,H,H,-,H,D,H,D,H,-,H,N,N,H,D,D,D,D,N,D,H,D,-,N,N,N,H,N,N,D,N,H,H,D,H,N,N,D,H,D,D,N,N,H,H,H,N,N,N,H,N,D,N,H,N,D,-,N,N,N,D,N,N,N,H,N,H,H,H,H,H,N,-,D,D,-,N
2,N,D,N,H,-,H,-,H,H,H,-,-,H,H,D,H,N,N,N,-,-,D,H,H,-,H,D,D,D,D,-,-,D,-,D,-,-,-,-,D,-,H,H,-,D,-,-,-,D,-,H,-,-,-,H,H,D,H,-,-,D,D,D,-,-,D,D,D,-,-,H,D,H,N,-,-,N,N,N,-,-,H,H,-,D,N,H,-,-,D,N,-,-,-,D,D,H,-,H,D,D,D,-,D,-,D,D,D,D,H,H,-,D,D,-,N,H,-,-,-,-,H,H,D,N,D,N,-,-,H,N,N,H,-,H,H,D,-,H,H,-,D,H,N,N,H,H,H,H,N,H,D,N,-,-,N,D,N,D,H,D,D,H,H,H,H,D,D,H,H,H,H,H,H,D,D,-,-,H,H,-,H,-,H,D,H,H,D,N,H,H,H,-,-,-,N,H,N,-,-,H,D,H,D,H,D,D,D,D,H,D,D,D,-,D,H,D,D,H,-,D,H,H,D,H,N,N
0.8167,D,D,D,H,H,H,H,H,H,H,D,H,N,-,D,N,D,H,H,N,H,D,H,H,-,N,D,-,D,D,D,N,D,H,N,H,H,H,N,N,H,D,H,-,H,H,H,H,H,D,H,-,D,H,H,-,D,D,D,D,D,H,D,D,H,D,D,D,D,-,D,D,D,-,D,D,D,D,D,D,D,D,-,-,D,-,-,D,H,H,-,N,-,H,H,H,N,D,N,H,N,N,N,N,N,N,N,H,-,H,H,-,D,N,H,-,N,-,H,H,H,N,H,H,H,D,H,H,H,H,D,H,H,H,H,H,H,H,H,D,-,H,N,-,H,H,-,D,H,D,D,D,N,N,H,D,H,N,D,-,H,H,H,-,H,D,D,D,H,H,N,H,H,H,D,D,D,D,H,H,H,D,D,H,D,H,H,D,H,H,H,H,D,D,D,H,D,D,H,H,H,H,-,H,N,D,H,H,H,-,H,H,H,H,H,H,N,N,H,H,N,H,H,D,H,H,H
2.975,H,H,H,H,D,H,H,H,H,H,N,N,H,H,-,H,N,H,H,D,N,H,N,-,N,N,N,N,H,N,H,N,N,H,N,H,H,H,N,N,N,N,N,H,N,D,H,D,D,H,N,H,H,H,H,-,H,H,H,H,H,N,H,H,H,H,N,N,N,H,H,D,N,H,H,H,N,N,N,N,N,N,N,N,N,N,-,D,H,H,D,N,N,N,N,N,N,D,D,H,N,N,N,N,N,-,H,N,N,H,H,-,N,N,H,N,N,N,N,H,N,H,H,H,H,N,D,N,H,D,H,N,H,H,H,H,N,N,H,H,N,N,H,D,D,H,N,H,D,N,N,N,H,N,H,H,N,N,H,N,N,N,H,N,H,N,H,H,H,H,N,N,N,N,N,N,N,N,N,N,N,H,H,H,H,H,N,H,H,H,N,N,N,H,N,H,-,H,-,D,H,H,H,H,N,H,N,N,D,H,N,N,H,H,H,H,N,N,H,N,N,N,H,H,H,D,H
1.68,H,H,H,N,H,N,N,N,H,N,-,N,N,-,H,N,-,N,N,-,H,H,H,-,H,D,H,D,D,D,-,-,H,H,H,N,D,D,-,D,H,D,D,D,H,H,D,D,D,D,H,D,D,D,-,D,D,H,H,H,H,N,H,N,D,H,H,H,D,-,H,H,N,-,H,H,N,N,N,-,N,H,H,-,H,-,D,N,-,N,N,H,H,D,D,N,-,D,-,N,N,N,H,N,N,-,H,N,D,D,D,D,H,N,D,-,N,-,N,N,N,N,N,H,D,D,N,N,H,N,H,N,H,N,H,H,N,N,N,H,-,H,H,D,N,N,H,-,N,H,D,D,N,D,D,H,D,-,-,D,D,N,H,N,H,N,H,H,H,D,D,D,H,H,H,H,-,H,H,D,H,N,H,D,D,N,N,H,N,N,D,D,N,H,N,N,H,N,H,N,D,D,H,D,H,H,H,N,H,H,N,N,N,N,H,N,N,N,D,D,N,H,H,H,D,N,D
0.9556,H,H,H,D,D,H,H,H,N,H,H,H,D,D,-,N,D,H,H,D,N,H,N,N,H,N,N,N,N,N,H,N,H,H,N,N,H,N,N,H,N,N,N,N,N,D,D,H,H,N,H,N,N,-,H,-,D,H,H,H,H,H,H,H,N,H,H,H,H,H,H,D,H,H,H,N,D,D,D,D,D,D,H,D,H,D,H,H,H,H,D,-,N,N,N,N,N,N,N,H,H,H,H,D,D,D,D,N,N,D,D,D,H,D,D,D,D,D,D,D,D,D,H,H,N,N,-,D,H,D,H,D,H,H,N,H,N,H,D,H,D,H,N,D,D,D,H,-,D,D,N,N,H,N,N,H,N,D,H,N,H,H,H,N,H,N,H,H,N,H,H,H,D,D,N,D,D,H,H,H,H,H,N,D,H,N,N,H,H,H,N,H,H,D,D,H,H,H,-,-,H,N,N,N,N,N,N,N,H,N,N,H,H,H,H,H,D,N,D,H,H,H,H,H,H,D,D
7.74,D,D,D,D,H,H,H,H,H,H,D,H,D,D,H,H,H,D,H,H,H,H,N,N,H,N,N,N,H,N,H,H,N,H,D,D,H,D,N,-,N,N,N,N,D,H,D,N,N,N,H,-,N,H,H,H,-,H,H,H,H,H,H,H,D,H,H,H,H,H,D,H,H,-,D,D,N,N,N,N,N,N,N,D,N,N,D,N,N,H,D,H,H,D,D,D,D,D,D,H,D,D,D,D,D,H,H,H,N,H,N,N,H,D,N,N,D,D,D,D,D,D,H,H,D,N,D,D,H,H,H,H,H,H,D,H,D,-,D,D,H,N,H,D,D,H,N,D,H,N,N,N,H,D,H,H,N,D,N,H,N,N,H,D,H,D,H,H,N,D,D,D,D,H,D,D,N,H,N,H,H,D,D,N,H,H,H,H,H,H,H,H,N,N,N,D,H,H,N,H,H,D,N,D,D,D,N,D,N,N,D,N,H,H,H,H,D,H,H,H,D,N,H,H,N,D,D
3.36,H,H,H,H,H,H,H,H,N,H,N,H,H,H,H,H,D,H,H,-,H,H,N,H,N,N,N,-,H,N,-,H,H,H,H,H,D,N,-,D,N,N,N,N,D,H,N,H,H,H,H,H,H,D,H,N,-,D,H,H,H,N,H,H,N,-,H,H,H,H,H,H,D,-,H,H,H,H,H,D,H,D,D,-,D,H,D,H,D,D,H,H,D,D,D,D,H,H,-,H,-,H,N,-,-,D,-,-,N,D,H,-,N,-,D,H,H,H,N,H,N,H,H,H,-,N,H,-,H,H,H,H,H,H,H,H,D,N,H,N,-,H,H,H,-,H,D,N,H,-,N,N,H,N,H,H,N,-,H,H,H,H,H,D,H,D,H,H,H,D,D,D,-,-,H,H,H,D,H,H,H,N,H,N,H,H,D,D,H,-,H,D,D,N,H,H,-,D,D,H,D,N,H,N,H,D,N,N,D,H,D,D,D,D,H,H,-,D,D,N,-,D,H,H,D,H,N
5.24,D,D,D,N,H,H,H,D,D,D,N,N,N,N,N,H,H,N,N,N,H,H,N,N,H,N,N,N,H,N,H,H,H,N,H,H,D,H,N,H,N,N,H,N,N,N,D,D,D,D,H,D,D,N,H,N,D,H,H,H,H,-,H,H,H,H,H,N,N,N,N,N,H,-,H,H,H,H,H,H,H,H,D,D,D,H,H,D,H,H,H,H,N,N,N,N,N,H,H,H,H,H,H,H,H,N,-,H,N,H,H,H,H,H,N,H,N,N,N,N,N,N,H,H,H,N,N,N,H,N,D,H,H,D,H,H,N,N,N,N,H,H,H,N,N,D,D,H,N,-,N,N,H,H,H,D,N,H,H,H,H,N,N,H,N,H,H,H,D,H,H,H,D,D,H,H,H,N,H,H,D,H,H,D,D,H,H,H,-,D,H,N,H,H,H,N,D,H,D,N,D,H,D,H,H,N,N,N,H,H,N,H,N,N,H,H,H,H,H,N,H,D,N,H,H,N,D
6.2889,H,H,H,H,H,N,N,H,N,H,N,H,H,H,H,H,D,H,H,H,H,D,N,N,N,N,N,N,H,N,D,N,D,H,H,H,N,H,N,H,N,N,H,H,H,H,N,N,N,N,H,H,H,-,-,D,N,H,H,H,H,D,H,H,H,H,H,-,H,-,-,H,N,H,D,H,N,-,H,H,D,D,D,D,D,H,H,D,-,D,H,-,N,N,N,N,D,D,D,N,N,N,N,N,N,N,-,H,N,N,N,N,N,N,N,H,N,N,N,N,N,N,N,H,H,N,H,N,N,N,H,N,N,H,H,N,N,N,N,D,H,D,H,H,H,H,D,D,N,-,N,N,N,-,D,H,N,N,D,N,D,D,D,N,H,H,H,H,N,H,H,H,-,H,H,H,N,H,H,N,H,H,H,N,H,H,H,H,H,H,N,H,N,D,H,H,D,N,N,N,N,D,N,H,D,H,N,N,H,N,N,-,D,D,D,H,N,D,N,D,N,D,H,H,H,H,N
.,-,D,D,N,H,D,D,-,H,N,H,D,N,N,D,D,H,N,N,N,D,H,D,H,D,H,H,H,H,D,H,H,H,H,H,-,D,-,-,D,D,N,H,H,-,D,D,D,D,D,D,-,-,-,H,H,D,H,D,D,D,D,D,D,-,D,D,D,D,-,D,D,N,-,D,-,H,H,N,N,H,H,-,D,D,-,H,H,H,H,N,-,N,N,N,N,-,N,N,H,H,H,H,H,H,N,N,H,H,-,N,N,D,H,N,-,N,N,H,N,-,N,D,H,D,H,H,H,-,H,D,H,D,D,D,D,N,H,H,D,-,H,D,N,N,H,H,D,H,H,H,H,N,-,H,D,H,H,H,H,H,H,N,H,N,H,D,D,H,-,H,N,-,N,H,N,H,D,D,H,H,D,-,D,D,N,N,N,N,N,H,H,N,H,N,H,N,D,D,H,D,-,H,D,H,D,N,N,H,H,-,H,H,H,D,H,H,D,N,D,H,-,H,D,N,H,D
2.2571,H,H,H,H,H,H,H,D,D,D,H,H,H,H,H,H,H,H,H,H,H,D,D,H,H,H,N,H,N,D,N,H,N,H,D,-,H,-,-,D,D,H,-,H,N,H,H,N,N,H,H,H,H,H,N,H,N,H,N,-,N,D,N,N,-,N,N,N,N,N,D,H,D,N,N,D,N,N,H,H,H,H,H,-,H,H,H,H,H,D,H,D,N,D,H,H,D,H,H,N,N,N,N,N,N,D,D,H,H,H,N,D,H,N,D,H,H,H,H,H,H,H,H,D,D,H,H,N,D,H,H,N,D,D,D,D,H,D,H,H,H,N,H,H,N,H,H,N,H,H,H,H,H,-,N,H,H,N,N,N,N,H,H,D,D,D,H,N,D,D,H,D,H,D,D,H,N,H,N,N,H,N,D,H,D,N,N,H,-,D,N,H,H,-,H,N,N,N,N,H,H,D,N,D,D,H,H,H,N,N,H,D,D,D,D,H,H,N,D,D,N,H,N,N,D,N,H
0.8517,D,D,D,H,H,H,-,D,D,D,N,N,H,N,-,-,H,N,N,-,H,H,D,-,H,D,D,D,D,-,-,-,D,-,H,N,-,D,-,-,-,D,D,D,H,-,H,N,-,-,D,N,N,H,N,N,-,H,H,H,H,N,H,H,D,D,H,H,H,H,H,H,N,D,N,D,H,H,H,-,-,H,H,-,H,-,N,-,N,H,H,H,H,-,-,H,-,N,N,H,H,H,H,H,H,N,H,N,D,H,D,H,D,H,-,-,H,H,N,-,-,H,H,H,-,D,N,D,H,H,-,H,H,-,D,H,H,-,H,H,-,D,D,H,N,D,H,N,H,N,D,H,D,-,D,D,D,-,D,D,H,-,H,H,N,D,H,H,N,N,N,N,-,-,D,D,-,N,-,D,N,D,D,H,H,H,D,H,-,D,N,H,N,H,H,N,H,H,N,H,-,D,N,D,H,H,H,H,H,N,H,N,N,N,-,H,D,N,H,N,H,H,-,H,N,N,H
.,D,D,D,D,H,D,D,N,N,H,D,H,D,D,H,N,H,H,H,D,N,H,H,H,H,H,H,H,N,H,N,H,N,N,D,D,H,D,H,H,H,H,H,H,D,H,-,N,N,N,N,D,N,H,N,H,N,H,H,H,H,N,H,H,D,H,H,H,H,H,H,H,H,H,N,D,D,D,D,D,H,H,H,H,H,D,D,D,N,H,H,D,-,D,D,D,H,H,H,H,-,N,-,-,D,D,-,D,H,D,D,D,D,-,D,D,D,D,D,D,D,D,D,D,D,H,-,D,D,N,D,D,D,N,D,D,D,D,D,H,H,N,H,H,N,N,N,N,N,N,-,D,H,-,N,D,H,D,N,H,D,N,H,H,N,H,H,H,H,N,D,H,N,N,N,N,D,N,N,H,N,H,D,N,N,N,N,H,H,N,N,H,H,D,H,H,N,H,H,N,H,D,H,D,H,D,D,D,H,H,D,-,N,H,H,D,-,D,D,H,-,N,N,H,N,H,N
5.4714,N,N,N,N,N,N,N,D,D,D,N,N,N,N,D,D,H,N,N,N,N,D,H,H,N,H,N,H,-,H,H,H,H,H,D,-,H,-,H,H,D,H,H,-,-,H,D,H,N,N,H,-,D,H,N,N,N,H,-,-,D,H,D,-,-,-,D,D,D,-,D,D,H,D,N,-,N,N,N,N,N,H,-,D,N,-,D,H,-,D,N,-,-,H,H,N,-,D,D,D,D,D,-,H,H,N,N,H,H,H,H,-,N,H,H,-,N,N,N,N,-,-,N,-,N,H,N,N,H,H,N,H,H,D,N,H,H,N,N,D,H,H,D,N,N,D,D,H,H,H,-,H,H,-,H,N,H,H,H,H,D,N,H,N,H,H,D,D,N,D,-,D,H,H,H,H,N,H,N,H,H,H,-,H,H,N,N,H,N,D,N,N,H,N,N,N,H,D,D,H,H,-,N,D,H,D,H,H,D,N,H,D,D,-,N,N,H,H,H,-,H,-,N,D,N,N,H
3.153,H,H,H,N,D,H,H,H,D,H,H,H,H,N,D,H,H,-,N,H,H,H,H,N,H,N,D,N,H,N,H,N,N,H,H,D,D,N,N,N,N,H,N,D,H,N,D,N,N,H,H,H,H,N,H,D,-,N,H,H,H,-,H,H,N,H,H,H,H,H,H,H,N,H,N,H,D,D,D,-,D,N,D,D,H,-,D,H,D,H,D,-,N,D,D,H,H,D,D,N,D,N,N,D,H,H,H,H,H,H,H,H,H,D,H,-,H,H,H,H,N,N,H,D,H,H,N,-,N,H,H,H,H,H,H,H,N,H,H,N,H,N,H,N,N,D,D,H,D,H,H,H,H,-,H,H,H,H,D,H,H,-,H,H,H,H,H,H,H,D,D,D,D,D,N,N,D,H,N,H,H,N,H,H,D,H,H,H,H,D,H,N,N,H,N,N,H,H,D,D,D,N,H,H,N,H,H,D,H,H,N,H,D,N,-,H,H,H,H,N,D,D,H,H,D,N,H
1.4,H,H,H,D,-,D,D,H,N,H,N,N,D,D,-,D,D,H,H,-,-,N,H,D,H,H,H,H,-,H,H,H,H,H,D,-,D,-,H,H,D,-,H,-,-,H,-,N,N,N,H,-,D,-,-,N,-,N,N,-,N,H,N,D,-,N,N,-,D,-,N,H,H,N,-,-,D,D,N,-,D,N,H,H,-,-,H,H,N,N,D,-,D,H,H,H,D,D,D,-,H,H,-,H,H,H,N,D,H,H,N,-,H,H,N,-,D,D,-,D,-,H,D,-,N,H,D,D,-,N,H,-,D,H,N,D,H,N,D,D,H,H,D,D,D,H,H,-,H,N,H,H,N,-,H,H,H,H,H,H,D,H,H,D,H,D,N,N,H,H,H,H,D,H,N,-,D,N,H,H,H,H,-,N,H,H,H,-,H,H,H,H,-,-,D,H,H,D,D,H,D,-,N,H,D,H,H,H,H,H,H,H,N,-,H,D,H,-,H,N,H,-,H,N,H,D,D
3.49,N,N,N,N,N,D,D,H,D,H,-,H,H,H,H,N,-,D,D,D,N,H,N,H,H,N,N,N,H,N,H,D,D,-,H,H,H,H,N,H,N,N,-,N,N,H,D,N,N,N,H,H,H,N,N,D,N,N,H,H,N,H,N,H,H,N,N,-,D,-,H,H,N,N,D,H,H,H,H,H,H,H,H,H,H,H,H,D,N,D,H,H,N,H,H,N,D,H,H,H,D,H,D,D,D,H,H,D,N,H,H,H,H,D,H,H,D,D,D,D,H,H,D,H,N,N,D,D,D,H,N,D,-,H,H,D,N,D,H,H,H,D,H,D,D,H,D,N,N,N,N,H,H,-,H,N,N,D,-,N,D,H,N,D,D,H,N,H,H,H,H,H,N,N,D,D,H,H,H,D,H,N,H,D,N,N,N,H,N,H,D,N,N,D,H,D,D,D,H,N,H,H,N,H,H,N,N,H,H,N,N,D,N,D,H,D,D,H,H,H,D,D,D,N,H,D,-
0.1067,N,N,N,D,H,D,D,H,H,H,-,H,H,-,-,-,N,N,N,D,H,N,N,N,H,N,N,-,H,N,H,D,D,D,H,H,H,-,N,H,N,N,N,N,H,H,-,N,N,N,H,-,H,-,D,D,N,N,N,-,N,H,N,N,-,N,N,-,N,N,N,H,N,N,N,N,H,H,H,H,H,H,H,H,H,H,N,D,N,H,H,-,H,H,H,H,D,H,H,H,D,D,D,D,D,H,H,D,N,H,H,H,H,D,H,H,D,D,D,D,D,D,D,H,N,N,N,D,-,H,N,D,D,H,N,D,H,D,D,N,H,D,N,H,H,N,D,N,H,H,N,H,N,-,H,N,N,D,D,D,H,D,D,D,D,H,N,N,N,H,N,H,N,N,N,H,H,H,H,D,H,N,N,N,N,H,N,N,N,H,D,D,N,H,H,N,D,H,H,H,H,H,N,H,D,N,N,H,H,N,H,N,N,-,N,H,D,D,H,H,D,D,D,N,H,H,N
7.7,D,D,D,H,N,N,N,H,H,-,H,H,H,H,D,H,H,H,H,H,H,H,H,H,D,H,H,-,H,H,H,-,D,D,H,-,-,-,D,-,D,-,H,N,-,D,H,N,H,N,H,-,-,N,H,N,-,H,-,-,H,H,-,H,-,D,H,H,H,N,H,D,D,D,-,-,D,-,H,H,H,N,N,-,-,-,N,-,N,H,-,-,-,-,D,D,D,N,H,D,D,D,N,D,D,-,-,N,H,-,H,D,H,D,H,-,H,H,H,H,H,H,N,D,H,H,H,N,-,N,-,N,N,D,H,N,D,D,H,H,D,-,D,D,N,H,-,N,H,D,-,D,H,-,H,H,H,D,H,H,H,D,D,-,-,-,-,H,N,N,N,N,N,N,N,N,D,N,-,H,H,H,-,H,-,H,H,N,-,N,N,D,D,D,H,H,-,H,-,-,H,-,-,H,D,D,D,H,-,-,D,N,N,N,H,N,H,H,D,D,D,N,-,H,N,D,N
0.03,H,H,D,D,H,H,H,N,H,N,D,H,D,D,N,H,H,D,D,H,H,N,N,N,H,N,N,N,N,N,N,N,H,D,H,H,H,H,N,H,N,N,N,N,D,N,H,N,N,N,D,H,H,H,D,N,H,N,N,N,N,H,N,N,H,N,N,N,N,N,N,N,H,N,D,H,D,H,N,N,N,N,N,N,N,N,H,N,H,N,D,H,H,D,D,D,H,D,D,H,H,H,H,H,D,D,D,H,N,H,D,H,H,H,H,N,D,D,D,D,D,D,H,H,H,N,D,D,H,H,D,H,H,N,H,H,D,D,D,D,H,H,N,D,D,-,N,D,N,D,N,D,H,H,N,D,N,D,H,N,D,H,H,D,D,H,H,N,D,H,H,H,-,N,H,H,D,H,D,N,D,D,H,H,N,-,D,N,D,N,D,H,H,-,N,D,N,N,H,N,N,H,D,H,H,D,N,D,H,D,D,N,N,N,H,H,H,H,D,D,H,N,D,N,-,D,H
12.41,N,N,N,D,-,H,H,D,D,D,H,H,D,D,D,H,D,H,H,H,-,H,H,H,H,H,H,H,-,H,N,H,N,D,H,D,H,-,H,H,H,-,H,-,-,H,H,H,H,H,N,H,-,N,D,H,H,H,-,-,H,D,H,-,-,H,H,H,-,-,D,D,H,N,N,-,D,D,H,H,D,D,-,D,-,-,H,H,H,D,H,N,H,H,H,H,H,H,H,H,H,H,-,H,H,D,-,D,H,D,D,-,H,H,D,-,H,H,H,H,-,D,H,-,N,H,-,H,N,N,N,H,H,D,N,H,H,D,H,H,D,N,N,H,H,H,H,H,N,H,H,N,-,H,N,N,H,H,N,H,N,H,H,H,D,H,H,-,D,H,H,H,N,H,H,H,D,H,N,D,N,N,-,N,H,H,H,N,H,D,D,N,H,D,D,H,H,H,H,-,H,-,D,H,H,H,H,H,H,H,H,H,D,H,D,H,H,H,D,-,H,-,D,H,H,D,N
8.415,D,D,H,D,-,N,N,N,H,H,D,H,D,D,N,H,H,H,H,H,N,H,H,H,D,H,D,-,-,H,D,H,D,N,D,-,H,D,H,H,D,N,H,-,-,H,H,N,N,N,H,H,H,H,N,N,N,H,-,-,H,H,-,-,D,H,H,N,-,-,H,N,H,H,N,-,H,H,H,H,H,N,N,N,-,-,H,H,H,N,H,N,D,D,D,D,H,N,N,D,D,D,-,D,D,H,-,H,N,H,N,-,D,D,N,-,D,D,D,D,-,-,N,-,N,H,H,D,N,H,H,N,N,H,N,N,D,D,D,N,H,D,H,H,H,H,H,H,D,H,H,H,N,H,D,H,H,D,D,H,D,D,H,H,N,H,H,H,D,H,H,H,D,D,H,H,H,H,H,H,-,N,-,H,H,D,D,-,H,H,N,H,H,H,H,H,H,D,-,H,H,-,D,D,H,D,D,N,H,D,D,-,H,H,D,N,D,H,N,-,D,-,N,H,H,D,D
1.765,H,H,H,-,H,D,D,N,H,H,H,H,H,H,N,H,D,H,H,H,-,H,N,N,H,N,N,N,-,N,N,N,H,H,H,-,N,-,N,N,N,-,N,-,-,N,-,H,H,H,H,H,-,-,N,H,H,H,H,-,H,H,H,-,-,H,H,H,-,-,H,N,D,H,H,-,D,D,D,D,D,D,D,D,-,-,D,H,D,D,H,D,-,H,H,H,H,H,H,D,D,D,-,D,D,D,N,H,N,H,H,-,H,D,H,-,H,H,H,H,-,-,D,-,D,N,H,H,-,N,H,D,D,H,D,D,H,H,H,H,H,H,H,H,H,N,D,H,N,H,D,N,N,H,N,H,D,D,H,N,H,H,D,H,H,H,H,H,H,D,D,D,H,H,D,N,D,N,H,N,H,D,-,H,H,H,H,N,H,H,H,-,D,D,D,H,H,N,N,H,N,-,H,H,H,H,-,H,D,H,-,D,D,D,H,D,D,H,H,-,D,N,H,H,D,D,H
.,N,N,N,D,H,N,N,N,H,N,H,H,H,D,H,H,H,D,D,H,N,H,H,D,N,D,N,D,N,D,N,H,N,H,H,-,H,-,D,D,H,-,H,-,-,H,-,N,N,H,H,-,D,-,-,N,N,N,H,N,N,-,N,N,-,N,N,N,D,-,H,N,H,N,N,-,H,H,H,N,N,H,N,N,-,-,D,H,H,N,H,-,-,D,D,N,D,D,D,N,D,H,-,D,D,D,-,H,H,D,D,D,N,D,D,-,H,H,H,H,-,N,H,D,H,D,D,H,-,H,H,H,H,N,D,H,H,H,H,N,H,N,H,D,D,D,D,D,H,H,N,N,H,-,N,H,H,D,H,H,H,H,D,H,H,H,N,H,H,H,D,H,D,D,D,D,H,H,N,H,H,D,-,D,D,N,H,H,H,H,H,H,H,H,H,D,H,D,H,H,H,-,H,D,H,H,H,D,H,H,H,N,H,D,N,H,D,N,D,-,D,-,H,N,H,N,D
2,N,N,N,H,H,N,N,N,H,N,H,H,H,H,N,H,N,H,H,H,H,N,D,D,N,D,H,D,-,D,N,H,N,H,H,N,H,D,D,D,H,D,D,D,D,H,D,N,N,H,H,H,H,H,H,N,N,N,N,N,N,H,N,N,D,N,N,N,N,-,N,N,H,N,D,H,H,H,H,N,N,N,N,N,N,-,H,H,H,N,-,D,H,D,D,D,D,D,D,D,D,D,D,D,D,H,D,H,D,D,D,D,N,D,D,-,H,H,H,H,H,H,H,H,H,D,H,H,N,H,H,N,N,N,H,N,D,H,H,D,H,N,H,H,H,N,D,D,N,H,D,D,H,D,N,H,D,D,N,H,N,N,H,H,H,H,N,N,H,H,H,H,D,D,D,D,H,H,N,H,H,D,H,N,D,D,H,N,D,N,H,D,H,H,N,H,H,D,H,H,H,D,H,D,D,D,D,D,H,H,D,N,H,H,N,H,D,H,D,H,D,D,H,N,H,D,D
6.9,D,D,D,H,H,D,D,H,H,H,H,D,H,D,-,H,H,H,H,H,-,H,H,H,N,D,H,D,-,D,H,D,H,H,H,-,H,-,D,D,H,N,H,-,-,H,-,D,D,D,N,-,-,-,H,H,H,N,-,-,H,H,H,H,-,H,H,H,D,-,H,H,N,H,N,-,N,N,-,H,H,H,H,H,-,-,D,H,-,D,H,-,-,H,H,H,N,N,N,H,H,H,D,H,H,H,D,D,H,H,N,-,N,H,N,-,H,H,H,H,H,D,H,N,D,D,H,H,N,H,H,D,D,H,D,D,H,D,H,H,D,H,H,H,H,H,-,H,D,N,-,D,H,-,H,H,D,H,-,D,H,H,N,N,H,N,H,H,D,H,H,H,-,N,N,N,N,N,N,D,N,N,-,H,D,H,H,H,H,H,D,N,N,N,H,H,H,H,H,H,H,-,D,H,N,H,-,H,D,H,H,D,D,D,H,H,H,H,N,H,H,-,D,H,H,D,H
.,N,N,N,H,N,N,N,N,H,N,H,N,N,N,-,N,H,N,N,-,H,D,N,N,D,N,N,-,-,N,H,H,H,D,-,-,D,-,N,H,N,-,-,-,-,D,N,N,N,H,N,-,-,-,-,N,-,D,-,-,D,D,D,D,-,D,-,D,-,-,D,H,H,D,-,-,H,H,H,H,H,H,D,H,-,-,H,H,-,D,N,-,-,H,H,H,-,H,D,N,H,N,-,N,N,-,-,N,N,N,N,H,D,-,N,-,H,H,H,H,-,-,N,-,D,N,N,H,-,N,N,N,N,H,D,N,H,H,H,D,-,-,H,N,N,N,-,N,N,D,-,N,N,-,H,N,D,N,H,N,H,H,H,D,D,-,-,D,H,H,H,D,-,H,H,H,H,N,-,N,N,H,-,N,H,N,N,-,-,H,H,H,D,H,H,N,H,H,H,N,-,-,N,H,H,H,-,H,N,N,H,D,D,-,D,N,N,N,N,-,N,-,H,-,N,N,N
6.38,H,H,H,H,D,H,H,N,-,N,H,D,H,H,N,D,N,H,H,H,-,H,H,H,H,H,H,H,N,H,H,H,H,N,H,-,D,-,H,-,H,D,-,-,D,H,-,D,H,H,N,-,-,-,-,D,D,H,-,-,H,N,H,-,-,H,H,D,-,-,D,N,H,H,-,-,H,H,N,N,N,N,N,N,N,-,H,N,N,N,H,-,-,D,D,D,H,N,N,H,D,-,-,D,D,H,H,D,H,N,N,H,H,D,N,-,H,H,H,H,-,H,H,N,H,H,H,H,-,D,H,H,H,N,-,-,-,D,H,H,D,H,D,H,N,H,N,H,H,H,N,H,N,-,H,-,H,D,-,H,H,H,N,H,N,N,H,H,H,N,H,N,D,H,N,N,H,N,N,H,D,H,-,D,H,N,H,H,D,-,H,N,D,H,N,H,H,H,D,D,D,D,N,H,H,D,D,-,N,N,D,N,N,-,H,H,H,H,N,N,H,-,H,H,N,D,D
0.7667,D,D,-,N,H,H,H,H,-,H,N,N,N,H,N,H,H,H,N,-,-,N,H,H,H,H,H,H,H,H,D,H,D,D,H,-,N,-,H,H,D,H,H,-,H,D,-,D,H,H,N,-,-,-,H,D,D,N,-,-,N,H,N,-,-,D,N,N,-,-,N,N,H,N,D,-,H,H,H,H,H,H,H,H,D,-,H,H,H,N,H,N,-,D,D,D,-,H,H,N,N,-,N,N,-,N,-,D,H,H,H,-,H,N,D,-,N,N,N,N,-,N,D,H,H,H,H,N,-,H,D,H,H,H,-,-,-,N,N,D,D,D,H,H,H,N,H,N,N,H,-,H,H,H,D,D,H,N,-,H,D,D,H,H,H,D,N,N,N,H,H,H,D,N,N,N,H,N,N,H,H,D,-,D,N,D,H,N,N,-,D,H,D,H,H,H,H,H,H,H,N,H,N,N,H,N,D,D,N,N,D,H,H,H,N,D,N,H,H,N,H,-,D,N,H,D,D
3.4,D,D,D,H,H,N,N,N,-,N,H,D,H,N,H,D,H,N,N,D,-,H,H,H,N,H,H,H,-,H,N,H,N,H,H,H,H,-,H,H,H,N,H,-,-,N,-,H,D,H,H,-,-,H,H,H,H,H,H,-,H,H,H,-,-,H,H,-,-,-,H,H,H,H,-,-,N,N,H,H,H,H,H,H,-,-,H,N,N,N,N,D,-,N,N,N,D,H,H,D,H,-,-,H,H,H,-,D,H,H,H,-,N,H,H,-,H,H,H,H,-,-,N,D,H,H,N,H,N,N,D,N,N,N,-,-,-,D,H,N,D,N,D,N,N,N,N,H,N,N,-,N,H,-,N,D,H,H,-,H,N,N,D,H,H,H,H,H,D,D,H,D,H,D,H,H,N,H,H,H,N,H,-,H,H,H,H,N,N,-,H,H,H,N,H,N,H,N,H,N,H,-,H,N,D,N,N,N,N,H,N,N,N,N,D,N,H,H,H,-,H,-,H,H,D,N,N
2.0111,D,D,H,H,H,H,H,N,N,N,H,H,H,H,N,N,H,H,H,N,N,N,H,H,H,H,H,H,D,H,H,H,H,D,H,H,H,-,H,-,H,H,H,-,D,H,H,D,N,N,N,-,-,-,D,H,N,H,N,-,N,H,N,-,-,D,N,N,N,-,N,N,D,N,-,-,D,D,D,H,H,H,H,H,N,D,D,D,H,N,H,H,H,H,H,N,N,N,N,D,D,N,-,-,N,H,-,N,H,H,N,H,-,-,N,D,H,H,H,H,N,-,H,D,H,H,H,H,-,H,H,H,H,D,H,H,-,H,H,N,N,H,N,H,H,N,H,N,H,H,N,H,-,-,H,H,H,H,N,H,H,H,N,D,D,D,N,N,H,D,D,D,N,N,N,N,D,N,N,H,H,N,-,H,N,H,H,N,H,N,D,N,D,D,H,H,D,H,H,-,H,-,H,H,N,H,H,H,D,H,N,H,H,N,N,H,N,N,N,-,H,-,D,N,D,H,-
0.3667,H,H,H,D,H,H,-,N,N,N,-,D,D,D,N,D,H,D,D,D,D,H,H,H,-,H,H,H,H,H,H,H,H,H,-,H,H,H,H,H,H,H,-,H,H,H,D,N,H,H,D,D,D,D,-,D,D,N,H,H,H,-,N,N,H,D,N,N,N,N,N,-,H,H,H,-,-,N,H,H,H,H,H,H,H,H,H,N,H,N,D,D,H,N,H,N,H,H,H,N,H,H,H,H,N,H,N,D,H,H,N,N,N,H,-,H,D,D,D,D,D,D,-,N,D,H,D,N,H,H,H,D,D,N,D,N,-,D,D,N,-,H,N,D,D,H,N,H,H,H,H,H,-,H,H,H,H,H,D,H,H,H,-,H,N,H,N,H,N,H,H,H,D,H,D,D,N,D,D,H,N,H,-,D,H,N,H,H,D,N,H,D,D,N,H,D,D,D,D,H,H,H,N,H,H,H,N,-,H,N,N,H,H,H,H,D,H,H,N,D,-,N,H,N,H,-,D
4.54,H,H,H,D,H,N,N,N,N,N,D,H,D,D,D,H,H,-,H,D,H,N,D,H,H,H,H,H,H,H,H,H,H,N,N,N,D,N,H,H,H,H,H,H,D,H,N,H,N,N,D,D,D,D,-,D,N,N,N,N,N,H,N,N,N,D,N,N,H,-,H,D,H,N,N,D,H,H,H,H,H,H,H,H,H,H,N,H,H,N,H,N,H,H,H,H,D,H,H,D,D,D,D,D,N,H,H,H,H,H,H,H,H,D,H,H,D,D,D,D,D,D,H,H,D,H,H,N,N,H,H,N,N,N,D,N,D,D,D,N,D,H,H,-,H,N,H,N,H,H,H,H,D,H,H,H,H,D,N,H,H,H,H,H,N,N,N,N,N,N,N,N,H,H,H,H,H,H,D,H,-,H,D,N,H,H,N,N,H,N,N,D,H,H,H,H,H,N,-,H,D,N,N,N,N,H,H,H,H,N,H,H,H,H,N,H,D,H,H,D,D,H,N,N,N,H,-
.,N,D,N,D,D,H,H,N,-,N,H,D,H,-,H,D,H,H,H,D,D,H,H,D,H,H,H,H,N,H,N,H,N,H,H,D,H,-,H,H,H,H,H,H,-,H,H,N,H,H,H,D,D,N,H,H,H,H,H,H,H,H,H,H,-,-,D,D,D,H,D,H,H,H,H,N,D,D,H,H,H,H,H,H,H,H,-,H,H,D,H,H,H,H,H,H,-,H,H,H,N,H,H,H,H,H,H,D,H,H,H,N,H,H,N,H,H,H,H,H,H,H,H,H,N,H,H,H,H,D,H,H,H,D,N,N,H,D,H,H,D,N,D,H,H,D,H,H,D,H,H,N,H,H,N,H,H,H,H,H,N,H,N,N,H,N,D,H,N,N,N,N,H,H,H,H,D,H,H,H,H,H,N,H,H,H,H,H,H,N,H,N,H,D,H,H,H,H,H,D,H,D,N,D,H,H,H,H,N,N,H,D,D,D,D,H,H,H,H,-,H,H,H,D,N,D,H
0.1875,-,H,H,N,N,H,-,N,-,N,-,D,H,H,N,D,N,D,D,H,-,H,H,H,N,H,H,H,N,H,H,H,H,D,H,H,D,-,H,H,D,D,N,-,H,H,H,H,N,D,N,-,-,-,H,H,H,H,N,N,H,-,H,H,-,H,H,H,H,D,H,N,N,H,-,-,H,H,N,N,N,N,N,H,N,N,D,H,N,N,D,-,-,H,H,H,N,D,N,H,H,H,-,D,D,H,H,D,H,H,H,H,N,D,D,N,H,H,H,H,N,-,H,H,H,H,D,H,-,N,N,-,-,D,D,N,N,H,H,H,D,H,D,D,D,N,N,D,N,D,-,H,-,-,H,H,H,H,H,H,H,H,D,H,D,H,H,H,D,-,D,D,D,H,N,D,H,H,-,H,H,D,-,H,H,D,D,N,D,N,D,H,N,H,N,D,H,D,D,-,-,-,D,H,N,H,H,H,D,H,H,N,N,-,H,D,D,H,H,N,H,-,D,H,D,H,D
0.5,D,D,D,N,-,-,H,N,N,-,N,N,N,N,D,N,-,H,H,N,D,D,H,D,H,D,H,D,D,D,H,D,H,H,-,H,N,H,D,D,H,D,H,D,N,H,H,H,H,D,N,-,D,H,H,H,H,D,D,D,D,N,D,D,H,N,D,D,D,-,D,D,H,D,H,-,H,H,H,D,H,N,N,N,N,H,-,H,H,N,-,-,N,N,N,H,N,N,N,H,H,D,H,H,H,N,N,D,D,H,H,H,H,H,H,H,N,N,N,N,N,N,H,H,H,D,H,N,H,-,D,-,D,N,H,N,N,N,N,H,D,H,N,H,H,N,N,N,N,N,D,D,H,H,H,D,D,H,-,D,D,H,D,H,D,D,D,D,D,-,D,-,H,N,N,N,H,N,N,D,N,N,-,H,D,H,H,D,H,N,H,H,N,-,D,H,H,N,N,N,N,H,D,H,N,N,-,N,H,D,N,N,H,H,N,H,H,D,N,N,H,N,H,D,D,D,H
.,D,D,D,H,H,H,H,N,N,N,H,H,H,H,D,H,N,H,H,H,-,N,H,H,D,H,H,H,H,H,D,D,D,D,D,-,H,-,H,H,-,-,D,-,-,H,-,H,N,H,H,-,-,-,D,H,-,N,-,-,N,N,N,N,-,H,H,H,-,-,D,D,D,N,-,-,N,N,N,N,N,N,N,N,N,N,H,D,H,N,H,N,-,H,H,H,D,H,H,H,H,H,-,H,H,D,-,H,H,D,D,D,D,H,H,N,H,H,H,H,-,D,H,-,D,H,H,H,-,H,D,N,H,N,D,H,H,H,H,H,H,D,H,H,H,H,H,H,H,H,-,H,-,-,D,D,H,H,H,D,D,-,H,D,D,D,H,N,D,H,H,H,H,H,H,H,N,H,H,D,N,H,-,H,H,D,H,-,H,N,D,H,D,N,H,H,D,H,H,N,H,-,D,H,N,D,H,H,H,D,H,H,H,-,N,H,H,H,D,-,H,-,D,H,H,H,H
.,N,D,N,D,D,D,D,D,H,-,-,N,H,H,H,H,N,H,H,-,-,H,H,H,H,H,H,H,H,H,H,N,N,H,-,D,D,-,H,H,H,H,H,-,N,H,-,N,H,N,D,-,-,D,-,D,N,D,D,-,N,-,H,N,-,H,H,H,H,H,H,H,H,H,H,D,N,N,N,N,D,N,-,-,N,-,D,N,D,D,H,-,N,N,N,N,D,H,H,D,H,-,-,H,H,-,H,N,H,H,H,H,H,H,H,-,D,D,D,D,H,D,D,H,H,H,H,D,H,D,H,D,H,H,H,H,H,H,D,H,-,N,D,H,D,H,N,H,D,H,H,H,N,-,H,-,D,N,-,N,N,-,H,H,H,H,N,-,H,D,D,D,H,H,H,H,N,H,D,H,H,H,D,N,H,H,H,H,D,H,N,D,N,-,-,H,H,D,D,-,D,H,H,H,D,N,N,N,D,H,N,D,-,D,D,D,H,N,H,D,H,-,N,H,D,D,-
1.38,N,-,N,D,D,N,N,H,H,N,D,H,D,D,H,H,H,D,D,H,N,H,H,H,D,D,D,D,D,D,D,D,D,D,N,N,D,N,D,D,H,D,H,-,N,D,H,N,D,D,N,D,D,D,D,D,H,H,H,H,N,-,H,N,N,H,H,-,H,H,D,H,N,H,H,H,H,H,H,H,D,H,H,-,H,H,D,D,D,D,D,D,D,D,D,D,H,D,D,H,D,-,D,D,D,D,D,H,D,D,D,D,D,D,D,H,D,D,D,D,D,D,N,D,D,D,-,N,N,D,H,H,N,H,D,D,-,D,D,D,H,D,H,D,D,D,H,H,H,H,D,D,D,N,D,H,D,D,D,D,D,-,D,-,D,N,H,H,H,D,D,D,H,N,N,N,H,H,H,D,D,D,H,H,D,D,D,H,D,H,D,D,N,H,H,D,D,H,H,-,D,N,H,N,H,D,D,D,N,H,-,-,D,D,N,N,D,H,D,H,D,D,D,H,D,D,H
2.1,N,N,N,H,-,H,H,H,H,N,H,H,H,H,N,H,N,-,N,H,-,N,H,H,N,H,H,H,H,H,-,H,H,H,-,-,D,-,H,D,D,N,H,-,-,H,D,H,D,D,D,D,D,-,N,H,D,N,N,-,N,H,N,H,-,D,N,N,D,D,-,N,N,N,H,-,N,N,N,N,N,N,N,-,-,-,D,H,H,D,N,-,N,N,H,H,N,H,H,H,H,-,-,H,D,D,-,H,H,D,-,-,N,H,D,-,H,H,H,H,-,-,H,-,H,H,N,H,-,H,N,H,H,H,H,H,H,H,H,H,H,H,H,N,N,D,H,N,H,N,H,D,N,H,H,N,H,D,H,H,D,N,N,H,H,H,N,N,D,D,D,D,D,H,H,D,N,D,D,D,N,H,-,D,D,H,N,H,N,H,-,H,N,N,N,N,H,H,N,H,D,-,H,D,H,N,H,H,H,H,H,H,H,H,N,H,D,-,D,-,H,-,N,N,D,N,D
4.6,N,N,N,H,N,H,H,H,H,H,H,H,H,H,D,-,H,N,N,H,-,H,D,H,N,H,H,H,-,H,H,H,H,H,H,D,D,-,H,H,H,-,H,-,-,H,N,D,D,D,H,-,-,H,N,H,D,N,D,D,N,H,N,H,-,D,N,N,H,H,H,N,N,N,N,N,N,N,N,N,N,N,N,H,-,D,H,H,H,N,N,N,D,N,H,H,N,H,H,N,H,N,N,H,N,D,H,H,D,D,H,-,N,H,D,D,H,H,H,H,N,-,H,-,H,D,N,H,N,H,N,N,N,H,N,D,H,H,H,N,H,H,H,H,H,H,H,N,H,D,H,H,D,D,H,N,D,D,N,D,D,N,H,H,H,H,N,H,D,H,H,H,D,H,H,H,N,D,D,D,D,H,N,N,D,N,N,-,N,H,-,H,N,D,H,N,H,H,N,H,D,-,H,D,N,H,H,H,H,H,H,H,H,-,H,N,D,N,H,D,H,-,N,N,H,N,N
0.9625,N,D,N,H,D,H,H,D,D,D,H,H,N,N,H,H,H,N,N,H,H,H,H,H,H,H,H,H,H,H,D,H,D,N,H,D,H,H,H,H,D,H,H,D,N,D,H,D,N,H,D,H,H,D,H,D,N,H,H,H,H,D,H,H,H,H,H,D,D,D,D,H,N,H,-,H,N,N,N,H,D,H,H,-,H,H,H,D,D,N,N,H,D,D,D,D,N,H,H,D,H,N,N,N,N,H,H,D,H,H,H,H,H,N,H,H,H,H,H,H,H,H,H,H,H,H,N,H,H,D,N,H,H,D,H,D,D,D,H,N,D,D,H,N,N,D,H,H,H,N,H,N,H,H,D,N,D,N,-,H,H,D,D,H,N,H,H,H,H,H,H,H,H,H,D,D,N,D,D,H,D,H,H,H,H,H,D,H,N,D,H,D,N,N,H,N,D,H,H,H,H,-,H,H,H,H,D,D,H,H,D,D,D,D,H,H,N,H,H,D,N,D,H,H,H,N,H
1.3625,N,N,N,H,-,N,N,H,D,D,N,N,N,N,H,D,H,H,H,N,-,D,H,H,N,H,H,H,-,D,D,D,N,H,H,-,D,-,H,H,H,-,H,-,D,N,H,N,H,H,H,-,-,-,H,H,H,D,-,-,D,-,D,-,-,N,D,D,-,-,D,H,H,D,-,-,H,H,H,H,H,H,H,D,D,-,D,H,H,N,H,-,-,N,N,H,N,H,H,H,H,H,-,H,H,N,H,D,D,H,-,-,N,H,H,-,N,N,N,N,-,N,N,H,N,H,H,-,-,N,N,N,N,H,N,N,N,N,N,N,D,N,D,H,H,H,H,H,H,H,-,H,H,-,N,N,D,H,-,D,N,N,H,H,H,H,D,D,H,D,D,D,H,H,H,H,H,H,H,D,D,N,-,D,H,H,H,-,H,H,H,H,H,H,N,H,H,D,D,H,-,-,H,D,H,N,H,N,D,D,N,H,H,-,D,N,H,D,H,-,H,-,N,D,D,H,D
1.4875,H,H,H,H,H,H,H,D,H,H,N,H,H,H,D,N,N,H,H,N,N,H,H,H,H,H,H,H,N,H,D,H,H,-,-,-,N,D,H,H,H,-,H,-,N,H,D,H,H,D,H,D,D,D,D,H,H,N,H,H,H,D,H,-,D,-,H,H,H,H,D,D,N,H,H,N,H,H,H,H,H,H,N,-,N,-,D,H,-,N,-,H,H,H,H,H,D,N,N,N,N,H,N,N,N,H,H,N,H,-,H,H,H,N,H,-,H,H,N,H,N,H,H,H,N,D,H,D,H,H,H,H,N,D,N,H,N,N,H,H,N,H,N,H,D,H,D,H,H,N,H,N,N,H,N,H,H,N,-,H,D,H,D,H,H,H,H,H,N,-,D,D,H,H,H,H,H,N,H,H,H,H,N,N,H,H,D,H,H,H,D,D,N,D,H,H,H,N,D,H,N,H,H,N,D,H,H,H,D,N,H,D,D,D,D,H,N,N,H,D,N,D,D,H,D,H,D
0.3333,N,N,N,N,H,H,H,H,H,H,H,D,H,-,H,D,H,H,H,D,D,H,H,H,H,H,H,H,N,H,N,H,H,H,N,N,D,D,H,H,H,H,H,H,N,D,N,N,N,D,H,D,D,N,H,H,H,H,H,H,H,H,H,H,D,H,H,H,H,H,H,H,H,H,H,H,H,H,H,H,H,H,H,H,H,H,H,D,H,N,H,H,H,H,H,H,N,N,N,N,N,N,N,N,N,N,N,D,H,H,H,H,H,H,H,H,H,H,H,H,H,H,H,H,H,H,H,H,H,H,N,H,H,H,H,H,H,D,H,H,D,H,D,H,H,H,H,D,H,H,H,N,H,H,N,N,D,N,H,H,H,N,H,N,H,N,H,H,N,H,H,H,N,H,H,H,H,D,D,H,H,H,H,N,H,H,H,H,H,H,H,N,N,D,H,H,D,H,-,N,-,N,N,N,N,H,H,H,H,N,H,H,H,H,H,H,N,D,H,H,H,H,H,H,H,H,N
.,H,H,H,D,N,D,D,N,N,N,D,H,D,D,H,N,D,H,H,-,H,H,H,H,D,H,D,H,N,H,D,H,N,D,H,N,D,-,H,N,H,H,H,H,H,N,H,N,H,H,H,H,H,D,D,D,H,H,H,H,H,N,H,H,-,H,H,H,H,N,N,H,D,H,H,H,D,D,D,D,D,D,D,D,D,-,-,N,N,N,H,-,D,D,D,H,N,H,N,D,D,D,D,D,D,D,D,H,H,H,H,H,D,D,H,-,D,D,D,D,D,D,D,D,H,H,H,N,D,H,H,D,D,D,H,H,D,D,D,H,H,N,H,H,H,N,N,N,N,N,H,D,N,H,N,H,H,D,D,H,D,N,D,D,D,D,H,H,H,D,D,D,H,H,H,H,D,H,H,H,H,H,H,H,H,N,N,H,H,N,D,D,D,D,D,H,H,N,H,N,D,H,D,H,N,D,D,-,D,D,-,N,N,N,-,D,D,N,-,D,D,N,D,H,D,H,H
2.49,H,H,H,H,H,D,D,D,H,H,H,H,H,H,N,N,H,H,H,H,H,D,D,-,N,D,H,-,D,D,D,D,D,D,N,H,D,H,D,D,H,D,H,-,-,N,N,H,H,D,D,-,-,-,D,D,H,H,D,D,D,N,D,D,H,N,H,N,N,-,N,N,H,D,N,-,H,H,N,N,N,N,H,H,H,-,H,D,H,N,H,N,N,H,H,H,H,H,H,D,D,D,D,D,N,D,D,H,-,D,D,D,N,D,D,-,H,H,H,H,H,-,D,-,N,D,H,H,H,H,H,D,D,D,N,N,H,H,H,N,H,D,H,H,H,D,H,H,H,H,D,D,D,N,H,D,D,D,-,-,D,D,D,N,-,N,D,D,H,H,H,H,H,H,D,D,H,D,D,D,H,N,-,N,H,-,D,N,H,H,D,D,H,H,N,H,D,D,N,H,D,-,H,H,H,H,H,H,D,H,H,H,H,H,-,H,D,H,D,N,D,N,H,H,H,H,N
1.075,D,D,D,H,D,D,D,H,N,N,H,D,H,H,H,H,D,D,D,H,H,N,N,H,H,N,N,N,N,N,-,H,N,D,H,D,H,-,N,H,N,N,H,N,N,D,H,H,H,H,N,-,D,H,D,H,D,H,N,-,N,H,N,N,-,D,N,N,N,H,H,H,H,N,-,-,D,D,D,D,D,H,D,D,D,D,D,H,H,N,D,D,-,H,H,H,N,D,D,N,N,N,-,N,N,N,N,D,N,N,N,N,H,N,H,D,H,H,H,H,H,H,D,H,D,N,D,H,D,D,D,D,D,H,D,D,H,D,H,H,D,N,H,D,H,H,H,H,D,D,-,N,H,-,N,D,H,N,-,H,D,N,H,H,D,H,H,N,N,D,D,D,D,H,H,H,D,H,N,H,D,N,-,H,H,D,D,N,D,H,D,H,H,D,D,D,H,D,-,D,H,D,H,D,H,H,N,H,H,H,H,H,H,N,N,D,N,D,N,H,N,H,D,N,D,D,H
4.6,H,H,H,N,N,N,N,N,H,H,N,N,N,N,D,D,D,N,N,N,-,D,H,H,-,H,-,H,H,H,H,H,H,H,H,-,D,-,H,H,H,H,H,-,D,H,D,H,H,H,H,-,-,-,H,H,H,N,D,-,D,H,D,D,-,N,D,D,-,D,D,D,N,D,-,-,H,H,H,D,D,H,D,-,-,-,H,H,D,D,N,-,N,N,N,H,N,H,H,H,H,-,-,H,H,N,-,H,H,H,H,D,H,H,N,-,N,N,N,N,-,N,H,-,-,H,N,N,N,N,H,H,N,D,N,H,H,N,N,H,H,H,D,N,N,N,H,H,N,H,N,H,N,-,H,H,H,N,-,H,D,N,H,D,H,H,D,D,H,H,H,H,N,-,H,H,H,H,H,D,N,H,-,N,H,H,H,-,N,N,H,H,N,-,D,N,H,H,H,N,D,H,H,H,H,N,H,N,H,H,N,H,H,N,H,H,H,H,H,-,H,-,H,D,H,N,N
0.2,N,N,H,D,-,H,H,D,D,D,H,H,D,D,H,H,D,N,N,D,H,D,H,H,H,H,H,H,N,H,-,-,D,N,H,H,N,-,H,-,H,D,-,-,-,N,H,H,H,H,N,-,-,H,-,D,H,H,D,-,D,-,D,D,-,D,H,H,H,-,H,H,H,D,H,H,H,H,D,D,D,D,D,-,D,D,N,-,-,N,N,D,-,D,H,H,H,H,N,H,H,H,-,H,H,H,-,H,H,H,H,-,D,H,H,D,D,D,D,D,H,D,H,H,H,H,N,N,H,N,H,H,H,D,H,D,H,D,D,H,H,D,N,N,N,D,H,H,H,H,N,H,H,-,N,-,H,H,H,H,D,N,D,H,N,-,D,D,H,N,N,N,D,H,H,H,N,N,N,H,H,H,H,H,H,H,N,H,N,D,N,D,N,N,D,N,H,N,N,N,N,-,H,H,H,H,H,-,N,-,H,H,H,N,H,H,H,N,H,-,H,-,N,D,N,N,H
4.36,D,D,D,D,H,H,-,N,N,N,D,H,D,D,H,N,D,H,H,N,N,D,H,H,H,H,H,D,D,D,H,D,H,H,H,N,N,N,D,D,H,H,H,D,N,-,N,H,-,N,H,N,N,N,-,N,N,D,D,D,D,D,-,D,N,D,D,D,D,H,D,H,N,D,D,-,D,D,D,H,D,H,N,N,N,-,H,D,-,N,H,N,D,D,D,D,N,N,N,N,H,H,H,H,H,H,H,H,D,H,H,H,H,H,-,-,D,D,D,D,D,D,H,H,H,D,H,N,H,N,D,H,H,N,D,H,N,D,D,D,H,H,N,H,H,H,D,N,H,N,D,H,D,-,H,D,D,H,N,-,D,H,N,H,H,H,D,D,D,H,H,H,N,H,D,D,D,H,D,-,N,H,-,N,H,N,N,D,-,N,H,N,D,H,D,H,D,H,N,H,N,-,H,N,N,H,D,D,H,H,D,D,D,D,H,D,H,N,H,D,H,D,H,D,H,H,N
1.55,H,H,H,N,D,H,H,D,D,D,D,D,H,H,N,H,D,D,D,H,N,D,H,D,H,H,H,H,-,D,D,D,N,H,H,-,D,-,H,D,H,H,H,-,H,N,-,H,N,N,H,H,-,-,H,D,N,H,D,-,D,-,D,D,-,N,H,H,D,-,N,N,H,D,H,-,H,H,H,H,D,H,D,D,D,-,D,H,H,D,D,-,-,D,D,D,D,D,D,H,D,D,-,H,H,N,H,H,H,N,N,-,H,H,N,-,N,N,H,N,-,D,H,-,H,H,D,-,-,D,H,H,H,D,H,D,N,H,N,H,-,N,N,D,D,D,H,H,D,N,-,H,H,-,N,H,H,H,N,D,N,N,D,H,H,H,D,D,N,D,D,D,H,H,D,D,H,H,N,D,H,H,-,H,H,D,D,N,D,D,H,H,H,N,H,D,H,H,-,H,D,-,N,N,D,H,D,D,N,N,D,H,H,-,H,H,H,H,N,-,H,-,H,H,D,D,-
2.625,D,D,D,H,N,H,H,H,-,H,N,N,N,H,H,-,N,N,N,H,-,H,H,H,H,H,H,-,H,H,D,H,D,H,H,-,D,-,H,-,D,-,-,-,-,H,H,N,H,H,N,H,-,-,H,H,-,H,-,-,H,H,H,-,-,N,H,H,-,-,N,N,N,H,N,-,H,H,H,H,H,N,N,N,N,-,H,H,H,N,H,-,N,H,H,H,-,H,H,H,H,H,-,H,H,-,H,H,H,H,H,-,H,H,H,-,-,H,N,H,-,D,H,-,H,H,N,N,D,H,-,D,D,H,H,D,H,N,N,N,H,H,N,H,H,H,-,H,H,D,H,H,N,H,D,H,H,H,-,N,H,-,H,D,H,H,-,H,D,H,H,H,H,H,H,H,H,H,N,N,H,N,-,H,H,D,D,-,N,H,H,H,N,H,H,N,H,H,H,H,D,-,D,D,H,N,H,-,H,H,H,H,H,H,H,H,H,H,H,-,-,-,H,H,H,N,H
.,H,H,D,H,H,H,-,H,N,H,H,D,D,D,D,H,N,D,D,D,H,H,H,H,H,H,H,H,N,H,N,H,N,N,D,D,D,N,H,D,H,H,H,-,H,N,H,N,N,-,-,D,N,-,-,H,N,H,-,H,H,N,H,H,N,H,H,H,N,H,-,D,D,H,N,-,H,H,N,N,N,N,N,N,N,N,N,D,H,N,D,-,N,N,N,N,H,N,N,D,D,D,D,D,D,-,D,D,H,H,H,H,H,D,H,N,H,H,H,H,H,H,H,H,H,H,D,H,H,H,D,D,-,H,H,H,H,D,H,H,D,N,H,D,D,H,D,H,H,H,H,D,H,H,N,D,H,D,-,H,N,N,H,H,N,D,H,H,H,N,N,N,D,N,N,N,H,H,H,N,N,D,-,N,H,H,H,H,-,H,N,H,D,H,N,D,D,N,H,H,D,D,D,D,H,N,H,N,D,-,N,H,H,H,-,D,D,D,-,D,D,-,N,H,N,D,N
2.7429,-,H,H,H,D,N,N,H,H,H,H,-,H,H,H,N,H,H,H,-,N,H,D,D,H,H,-,D,D,D,H,D,H,D,H,H,D,-,D,D,H,D,H,D,D,D,N,H,H,D,N,N,N,N,H,H,H,H,D,H,H,N,H,-,-,D,N,N,N,N,N,H,N,H,H,H,H,H,H,H,H,H,H,H,H,H,N,N,N,N,H,H,D,D,D,D,H,H,-,D,H,H,H,H,H,H,H,N,D,H,D,D,H,H,D,H,H,H,N,H,H,H,N,H,H,D,H,D,N,D,-,N,N,H,H,H,D,N,H,H,N,H,N,H,H,D,N,N,D,D,D,H,D,D,H,H,D,H,H,D,D,N,N,H,D,H,H,H,H,H,N,N,H,N,H,H,H,N,N,D,N,D,H,N,N,H,H,H,H,H,H,N,N,H,H,H,N,H,D,H,D,H,N,H,H,D,D,D,D,N,D,N,N,N,N,N,H,N,H,D,H,N,D,N,N,H,N
.,D,D,D,N,H,N,N,H,H,H,-,H,H,N,N,H,N,H,H,H,N,H,H,N,H,H,-,H,N,D,H,H,N,D,H,-,H,D,D,H,H,-,H,-,-,D,D,H,D,D,H,D,-,N,-,D,H,H,D,-,H,H,H,H,D,H,H,N,-,-,N,N,H,D,D,-,H,H,H,N,N,N,N,N,-,-,-,D,H,N,H,D,H,H,H,N,H,-,-,D,D,D,-,D,-,D,-,H,D,D,D,-,H,D,D,-,N,N,H,N,-,H,N,-,N,D,H,H,N,H,D,H,N,H,N,D,D,H,N,D,-,H,H,H,N,H,H,H,H,-,H,D,N,D,N,D,H,D,-,H,N,N,D,H,D,-,H,H,H,D,H,-,H,-,N,N,H,N,H,D,N,D,-,D,D,N,N,D,H,H,D,D,H,H,N,H,D,H,H,H,H,N,N,N,H,H,H,H,H,N,H,-,H,H,H,N,D,H,D,N,D,-,D,H,H,H,D
0.9375,H,H,H,H,H,D,D,H,H,H,H,H,N,N,N,H,D,N,N,H,N,H,H,H,H,H,H,H,H,H,D,H,D,H,H,H,H,D,H,H,D,H,H,-,N,H,H,H,D,D,H,-,H,H,H,H,H,D,H,H,H,N,H,-,D,H,H,N,N,N,N,N,H,H,H,N,D,D,D,D,D,D,D,H,H,D,D,N,N,N,N,H,H,H,H,H,-,H,H,D,D,D,D,D,N,H,D,H,H,H,H,N,H,D,H,D,H,H,H,H,H,H,H,H,H,H,-,H,D,D,H,D,D,H,H,D,H,H,H,H,H,D,H,N,N,H,N,H,H,N,H,D,N,-,D,H,H,D,N,H,D,-,H,D,H,H,H,H,H,D,D,D,-,N,N,N,D,H,N,H,H,H,N,H,D,D,H,H,N,H,H,H,H,D,D,N,H,N,N,-,H,N,H,N,H,H,H,H,H,H,H,N,N,-,H,H,D,H,H,N,D,-,H,H,D,N,H
2.5429,H,H,H,H,H,H,-,H,H,H,N,H,H,-,H,N,H,N,N,H,-,D,D,N,N,N,H,H,-,N,H,N,H,H,H,H,D,-,N,H,N,D,H,D,-,H,H,D,H,-,H,-,-,N,H,H,H,D,D,D,H,N,H,D,-,N,H,H,D,H,H,H,D,H,H,-,H,H,H,H,H,H,D,D,H,-,D,H,D,N,H,H,H,D,D,H,H,H,N,H,-,H,H,-,D,H,H,D,D,D,H,D,N,D,D,-,H,H,N,H,H,-,H,H,H,D,N,D,N,H,H,N,N,H,H,H,D,N,H,N,H,H,H,N,H,H,D,N,H,N,H,H,D,H,H,H,D,D,-,D,H,N,H,D,H,D,H,D,H,D,D,D,H,H,N,N,H,D,H,H,H,N,-,H,H,H,D,D,D,H,H,H,D,H,H,N,N,H,D,H,D,H,H,N,H,H,H,D,D,N,H,H,-,H,N,N,D,H,H,N,H,N,H,H,D,N,H
2.4,N,N,N,H,H,N,N,H,H,H,N,N,H,D,-,N,H,N,N,H,H,H,N,N,H,-,N,N,-,N,D,N,D,D,-,-,H,D,N,N,N,-,N,N,H,H,H,H,N,N,D,N,-,-,H,H,N,H,D,D,H,N,H,H,D,H,H,D,D,H,D,H,N,H,H,D,H,H,H,D,H,N,N,H,H,-,H,N,N,N,H,N,H,H,H,H,D,N,N,N,N,N,-,N,N,N,N,N,N,N,N,N,H,H,H,-,N,H,N,H,N,N,N,H,D,N,N,D,H,H,H,H,N,H,D,D,D,N,H,N,N,D,N,H,H,N,N,D,N,H,N,N,H,N,D,N,N,N,-,N,H,N,H,N,D,N,H,H,H,H,H,H,H,H,N,N,H,H,H,N,H,N,D,N,H,H,H,H,N,H,-,H,N,D,H,N,H,H,N,N,H,N,D,N,N,H,N,H,H,D,H,-,N,N,H,N,N,H,N,-,N,N,D,H,H,N,D
3.5001,D,-,-,N,H,-,-,H,-,-,-,-,-,H,N,H,N,D,N,H,H,D,N,-,-,N,H,-,N,N,-,-,D,-,-,N,-,-,-,-,-,N,-,N,D,-,H,-,-,-,N,H,H,H,H,-,-,-,D,D,-,H,-,D,-,-,-,N,H,H,H,N,-,-,D,D,D,-,-,-,N,-,H,-,H,D,-,-,-,D,D,H,-,D,H,H,D,-,-,N,-,N,N,-,-,-,N,-,N,-,H,-,N,-,-,D,-,-,N,N,N,N,N,H,N,N,D,-,H,-,-,H,H,-,D,D,N,-,N,D,-,-,N,D,D,N,-,-,H,-,N,N,H,N,-,D,N,-,H,N,N,D,H,-,D,-,-,D,H,D,D,D,-,-,N,N,-,N,-,H,D,-,D,H,D,N,-,H,-,H,-,H,D,D,D,D,-,N,-,H,-,-,-,-,D,D,N,-,N,-,H,H,D,H,H,H,-,H,N,D,-,H,-,-,D,D,H
.,D,D,D,H,N,H,H,N,N,N,H,H,H,H,H,D,N,D,D,H,D,D,N,N,H,-,N,N,H,N,D,N,D,H,N,H,H,H,N,N,N,N,N,H,N,D,D,D,D,-,D,D,H,D,-,D,-,D,D,D,D,D,D,H,H,N,H,H,H,H,H,H,N,D,H,N,H,H,H,D,-,H,N,H,H,H,D,D,D,N,D,D,H,N,N,H,N,H,N,H,H,-,D,D,N,D,D,H,N,D,D,D,H,D,H,H,H,H,H,H,H,H,H,H,H,N,D,H,H,N,H,H,H,D,H,H,D,H,H,H,H,D,D,D,D,H,-,D,N,D,N,D,H,D,D,D,N,D,N,N,H,D,D,D,H,H,D,D,H,H,D,H,D,-,D,H,H,D,D,D,N,H,N,D,H,D,N,D,D,N,H,D,N,-,H,D,D,D,N,H,H,H,H,H,H,H,N,H,H,H,-,D,D,D,D,H,D,H,D,D,D,H,H,D,H,D,H
2.2014,H,H,D,H,H,H,H,D,D,D,-,H,H,D,H,N,N,D,D,D,N,H,D,D,N,D,H,D,D,D,H,D,H,D,D,D,D,H,D,H,H,H,H,D,H,H,H,D,N,N,H,N,N,D,D,D,N,H,H,H,H,-,H,H,H,H,H,H,H,H,H,H,H,H,H,H,H,H,N,N,H,H,H,H,H,H,N,N,N,N,D,H,H,H,D,D,H,N,N,H,H,H,H,H,H,H,N,D,D,H,H,H,N,H,H,H,H,H,H,H,H,H,H,N,H,D,D,-,H,D,D,H,H,D,-,D,D,D,H,H,-,H,H,D,D,H,N,N,H,N,D,H,D,N,H,D,D,H,-,D,-,-,D,H,D,H,H,H,D,N,N,N,H,H,H,H,H,H,H,D,D,H,H,H,H,N,N,H,D,D,D,D,N,H,N,D,N,D,D,H,D,H,D,H,H,H,D,N,H,-,D,N,N,N,D,H,H,D,N,H,H,N,D,H,N,D,H
3,N,N,N,D,N,H,H,H,H,H,D,H,H,H,N,H,N,H,H,H,-,D,N,N,H,N,H,N,N,N,N,H,D,H,D,D,H,-,N,H,N,N,-,N,H,H,H,N,D,D,D,-,-,H,D,H,H,N,D,-,D,D,D,D,-,N,H,H,H,D,N,N,N,H,H,-,D,D,D,H,H,N,N,N,N,-,H,H,D,N,H,-,N,D,D,D,D,D,D,H,H,D,-,D,N,H,H,H,N,H,H,D,D,D,H,-,D,D,D,D,H,D,H,H,D,N,H,N,H,D,N,D,D,H,D,H,H,D,D,H,H,N,H,H,H,D,H,N,D,-,N,D,H,-,N,N,N,D,N,H,N,N,D,D,H,D,H,D,N,H,H,H,H,H,H,H,D,H,H,H,N,N,-,H,H,H,H,H,H,H,D,H,H,D,H,H,N,H,H,D,H,H,H,H,D,H,N,D,D,N,D,D,D,D,D,H,D,H,H,D,D,H,D,-,H,H,H
5.9125,H,H,H,D,N,H,H,N,N,N,N,N,N,N,D,N,H,D,D,D,N,H,D,D,H,D,D,D,-,D,N,D,N,D,D,D,D,-,D,-,N,-,H,H,H,H,H,D,H,D,H,-,D,N,D,H,H,H,D,D,H,N,H,H,-,H,H,H,H,H,D,D,H,H,D,H,N,N,N,N,N,H,H,H,H,H,H,N,N,N,D,H,N,H,H,H,N,D,D,D,H,H,H,H,H,H,H,D,D,H,H,H,H,H,H,H,H,H,N,H,H,H,H,N,D,D,D,D,H,N,H,N,H,N,D,N,H,N,H,D,H,N,N,D,D,N,N,H,N,H,H,H,D,D,N,-,D,H,-,D,N,N,N,H,D,H,H,H,H,H,H,H,D,D,D,H,N,H,H,D,D,D,H,H,H,H,H,H,D,N,D,N,-,N,N,D,N,D,D,-,D,D,H,D,H,N,H,H,D,H,H,N,N,N,N,H,H,D,H,H,H,N,D,H,H,D,H
6.25,D,D,D,H,D,D,D,N,-,N,N,N,H,H,-,N,H,N,N,D,N,D,H,H,H,H,H,H,H,H,D,D,D,N,H,H,H,-,H,N,D,H,H,D,H,D,H,H,N,-,H,-,D,-,-,D,N,H,H,H,H,H,H,H,-,H,H,H,H,H,H,D,N,H,H,H,H,H,H,H,H,H,H,H,H,H,N,H,D,N,H,H,H,D,D,D,H,H,H,D,H,H,H,H,H,N,H,H,H,H,H,H,H,H,H,H,H,H,N,H,H,N,D,N,D,H,N,N,H,D,D,-,H,N,D,D,H,N,N,N,H,D,N,H,H,N,D,H,D,D,H,H,N,H,D,D,H,H,-,D,H,D,D,D,N,D,H,H,N,N,N,N,D,D,D,D,H,H,H,D,H,H,H,H,H,H,D,H,N,N,H,H,N,H,H,N,N,D,D,D,H,H,N,H,H,H,D,-,N,N,D,H,H,H,H,D,H,H,H,H,H,D,N,H,N,N,H
2.88,N,N,N,N,H,D,D,H,-,N,N,N,N,N,H,H,N,H,H,N,H,N,D,D,D,D,D,D,D,D,D,H,D,H,D,-,H,H,D,D,H,H,H,D,N,D,D,N,H,H,D,N,N,N,H,H,D,N,-,-,N,N,N,-,H,-,N,H,H,H,H,H,N,N,H,H,N,N,N,N,N,N,N,N,N,N,H,D,N,D,H,H,N,H,H,H,-,N,N,H,D,D,D,D,N,N,H,H,D,H,H,H,D,D,H,N,N,N,N,N,N,N,D,H,D,D,H,N,D,H,H,H,H,-,H,D,H,N,N,D,H,D,H,H,H,H,N,N,H,H,H,D,D,H,D,N,D,D,-,H,H,N,H,D,H,D,H,N,N,H,H,H,H,D,D,D,N,D,D,-,H,H,H,D,H,N,N,N,-,H,H,N,N,N,N,H,D,H,N,H,H,H,H,H,H,N,H,-,H,N,H,N,N,N,-,H,D,H,H,N,D,N,H,N,H,H,D
4.4,N,N,N,D,-,D,D,D,N,D,D,H,D,D,H,H,D,N,H,D,N,H,H,H,D,H,D,H,H,H,D,H,D,D,N,-,H,-,H,H,D,D,H,-,H,N,H,H,H,D,N,-,D,N,D,H,H,N,H,-,H,-,H,-,-,H,H,H,-,-,H,H,N,H,D,-,H,H,H,D,D,D,-,H,-,-,-,H,H,N,D,-,-,N,N,N,-,H,H,D,H,-,-,H,H,H,N,H,H,H,H,D,D,H,H,-,D,D,D,D,-,D,D,D,D,H,H,N,N,N,H,H,-,H,-,N,N,D,D,N,H,D,H,D,N,D,H,H,H,H,N,H,H,-,D,-,H,-,-,H,H,-,H,N,D,N,H,H,H,H,H,H,N,-,H,H,H,N,N,H,H,H,-,N,D,H,H,H,D,H,D,H,N,H,D,H,N,N,H,-,H,-,H,H,H,H,H,N,N,-,-,H,H,N,H,N,H,N,H,H,H,-,D,-,H,D,-
1.9,D,D,D,H,H,D,D,D,D,D,D,H,H,H,N,H,N,H,H,H,-,N,H,H,D,H,D,D,N,H,N,H,N,D,-,H,N,-,H,D,H,H,H,H,-,D,H,H,N,-,N,-,N,N,D,H,-,N,N,-,H,H,N,N,-,D,N,N,N,H,H,N,H,N,H,-,H,N,N,N,N,H,N,N,N,N,N,H,H,D,N,D,H,H,H,H,D,H,H,N,H,-,N,H,H,H,H,H,H,N,H,H,D,H,D,N,H,H,H,H,-,H,D,D,N,H,H,H,D,H,D,D,D,D,N,H,D,H,H,H,H,N,H,N,N,H,H,N,H,D,H,H,H,H,N,-,H,H,D,H,N,N,N,N,D,N,H,N,H,N,N,N,D,D,H,-,H,N,N,H,N,H,-,H,H,H,D,N,D,D,H,N,D,H,N,H,H,H,N,-,N,H,D,H,D,H,H,H,H,-,H,H,-,H,H,D,H,N,H,H,H,H,H,N,D,H,H
3.82,D,D,D,D,H,H,H,N,-,N,H,H,H,H,D,H,H,H,H,-,N,H,H,H,N,H,H,-,N,H,N,D,N,N,N,H,H,H,D,-,H,H,-,-,H,D,H,N,H,-,N,D,D,H,N,H,-,D,H,H,H,H,H,N,H,N,-,-,D,H,H,D,H,H,D,-,H,H,-,H,H,H,H,H,H,-,H,H,-,N,H,N,N,-,H,N,-,H,H,H,D,D,H,H,H,-,D,-,H,-,D,D,H,-,D,-,-,H,H,H,H,H,H,H,H,H,H,H,H,-,-,-,H,D,H,H,H,H,H,H,H,-,D,H,H,H,-,H,H,H,H,H,H,H,-,-,H,H,-,D,-,D,H,H,N,-,-,H,H,H,H,H,H,H,D,D,H,D,-,-,N,D,-,H,H,N,H,H,-,N,N,H,-,H,H,H,H,H,N,H,H,H,N,-,N,N,H,-,N,N,-,H,H,H,H,H,H,H,D,H,H,H,-,D,H,H,H
4.5625,N,N,N,H,N,D,D,H,H,H,H,H,H,H,N,H,N,H,H,-,H,D,H,H,N,H,H,H,N,H,N,N,N,N,D,D,H,N,H,H,H,H,H,H,D,N,D,H,H,-,H,-,H,H,N,H,D,H,D,D,D,-,D,D,N,D,H,H,H,H,N,N,N,D,N,H,H,H,H,N,N,D,D,D,D,H,N,D,H,N,N,N,H,D,D,D,H,H,H,N,N,N,N,N,N,-,N,H,H,N,N,N,N,H,N,H,H,H,H,H,H,H,H,N,H,H,H,H,H,H,N,H,H,H,H,D,D,H,H,N,H,N,H,H,H,N,H,H,N,H,H,N,H,H,N,N,H,N,-,N,-,N,H,D,N,-,H,D,H,N,N,N,H,N,H,H,H,H,H,N,N,H,H,D,N,H,H,D,H,H,H,H,N,H,N,H,D,H,N,N,H,D,H,D,H,D,D,D,H,N,D,N,H,H,N,H,N,H,-,N,N,H,N,H,N,H,D
4.475,H,H,H,H,H,D,D,H,H,H,H,H,H,H,H,H,-,N,N,H,H,N,D,D,N,D,H,D,-,D,N,D,N,N,H,H,H,-,D,D,N,H,D,-,-,H,-,D,D,-,H,-,D,-,N,N,H,H,N,-,-,-,N,N,-,D,N,-,H,-,H,H,H,N,-,-,D,D,D,D,D,D,D,D,D,N,-,H,H,D,N,-,N,N,N,H,D,H,H,H,H,H,-,H,H,D,-,H,D,D,H,D,N,H,H,N,H,H,H,H,N,-,D,-,H,D,N,H,-,H,H,D,D,H,H,H,H,H,H,D,H,N,H,N,N,D,H,H,H,H,N,N,D,-,N,H,D,H,N,D,D,H,H,N,N,N,H,N,D,N,N,N,D,N,H,H,D,D,D,H,H,D,-,N,H,H,N,N,N,H,-,H,D,H,D,N,N,H,H,H,H,-,H,H,D,H,H,N,H,H,N,H,D,N,N,D,H,H,D,N,H,-,N,N,N,N,N
0.205,D,D,H,D,H,D,D,H,H,H,H,H,D,D,D,-,D,-,H,D,H,D,H,N,N,H,N,H,H,H,D,H,D,D,H,N,N,N,H,D,D,H,D,H,N,H,H,D,D,D,N,D,D,H,H,D,-,N,H,H,H,-,H,H,N,N,H,H,H,H,H,H,-,H,H,D,D,D,D,D,D,D,H,-,D,-,H,N,-,N,D,D,-,N,N,H,N,D,D,H,-,-,N,-,H,H,H,H,H,N,H,N,N,D,D,-,D,D,D,D,D,D,D,H,D,H,D,N,D,H,D,D,D,H,D,D,H,H,D,D,H,D,H,D,D,H,-,D,H,D,H,H,H,H,D,-,H,H,N,H,D,N,H,-,D,H,H,H,D,H,H,H,H,H,H,H,D,H,N,H,H,N,D,H,H,N,N,N,H,H,H,H,H,D,D,H,H,N,H,-,N,N,D,H,H,N,H,-,N,H,N,-,H,H,-,D,D,H,N,H,H,-,H,H,H,D,H
0.55,D,H,H,H,-,H,H,N,N,N,H,N,H,H,N,H,H,D,D,H,N,H,D,H,N,H,H,H,N,-,D,H,N,H,N,H,D,H,H,H,H,D,D,-,H,D,H,D,D,D,N,-,D,-,-,-,H,H,D,H,H,H,H,-,H,H,H,H,H,-,D,N,D,H,H,D,H,H,H,H,D,H,N,N,N,H,H,H,-,D,D,N,H,D,D,D,D,H,H,D,D,D,-,D,-,D,D,N,H,H,D,D,N,D,D,H,H,H,H,H,H,H,H,H,H,H,D,H,H,D,H,H,H,D,H,N,H,H,H,H,D,N,H,D,D,H,D,H,H,H,H,D,H,-,N,D,H,D,-,H,D,N,H,N,N,N,H,H,H,N,H,N,H,D,D,D,H,H,N,H,N,H,D,H,D,H,H,H,-,N,D,D,D,N,H,D,H,D,D,-,D,-,H,H,D,D,D,D,H,H,D,D,D,D,H,H,D,N,D,H,D,D,H,H,N,D,H
2.6057,H,H,N,H,N,N,N,D,H,H,H,H,H,H,H,N,H,H,H,H,N,H,H,D,D,D,D,D,-,D,N,D,H,H,H,H,H,H,D,D,N,D,D,H,N,H,H,D,H,H,N,H,H,H,D,H,H,H,H,-,H,H,H,N,H,N,H,N,H,N,H,H,N,H,D,N,H,H,N,N,N,H,H,H,H,H,H,H,D,N,H,N,N,N,N,N,N,H,H,D,D,D,D,D,D,-,D,N,D,H,H,D,D,D,D,H,H,H,H,H,H,H,N,D,H,D,H,H,N,D,N,N,N,D,N,N,D,H,H,D,-,H,N,H,H,D,H,N,D,-,D,D,H,H,N,N,D,D,H,D,D,H,H,D,H,H,H,H,H,H,H,H,H,N,H,H,H,H,N,D,N,H,N,H,N,N,N,H,-,D,D,H,N,H,N,H,N,N,H,-,H,H,H,H,N,N,H,N,D,H,-,H,H,H,H,N,D,N,D,H,D,H,H,H,H,H,H
11.9167,H,H,H,N,-,H,H,H,H,H,N,N,N,N,D,N,D,D,D,N,-,H,N,H,H,N,N,N,-,N,H,H,N,H,D,-,H,-,N,N,N,-,N,-,-,D,H,H,H,N,N,-,-,-,H,D,H,H,-,-,H,-,H,-,-,-,H,H,-,-,D,D,H,H,-,-,H,D,D,D,D,D,D,D,D,-,H,N,N,D,D,N,N,N,N,H,H,H,H,N,N,-,-,-,N,N,D,D,N,H,N,-,H,N,N,-,N,N,N,N,-,-,H,-,H,N,D,-,-,D,H,H,H,H,H,D,-,N,N,N,D,N,N,D,D,D,N,H,D,D,-,N,H,-,H,D,N,N,-,N,-,N,H,D,H,D,-,H,N,H,H,H,N,N,H,H,H,H,N,N,N,N,-,N,N,D,D,H,D,H,H,H,D,H,D,D,H,H,N,H,H,-,H,H,H,H,N,N,N,N,N,H,N,-,H,H,N,D,N,-,N,-,H,H,H,D,N
.,D,-,D,D,D,H,H,H,H,H,N,N,H,-,H,H,H,N,N,D,N,N,H,H,N,H,H,H,H,H,D,D,N,N,-,N,H,N,H,H,H,H,D,-,N,H,H,H,N,N,H,N,N,H,N,D,H,N,H,H,H,H,D,N,N,H,H,N,H,H,H,N,N,H,D,N,H,H,H,-,H,H,H,H,H,H,H,H,N,N,H,-,N,N,N,D,N,N,N,D,D,D,D,D,H,H,H,H,H,D,H,H,N,D,H,H,H,N,N,N,N,N,D,N,N,H,N,N,H,-,D,D,H,H,N,H,N,N,N,H,-,N,-,N,N,H,N,H,H,H,H,H,H,-,D,N,H,H,N,D,D,D,N,H,H,H,N,H,-,H,H,H,H,N,N,D,H,H,H,H,N,H,N,H,N,N,N,H,D,H,N,H,D,D,H,N,D,N,N,D,N,N,N,N,N,N,N,N,H,-,N,H,N,H,H,H,H,N,H,H,D,H,H,N,H,N,H
6.94,H,H,H,H,H,N,D,H,D,D,D,N,H,H,H,H,H,-,D,-,-,D,D,D,H,D,D,D,-,D,H,N,N,H,D,D,H,-,D,D,D,-,D,-,H,D,N,H,H,H,H,-,N,D,H,D,H,N,-,-,N,H,-,N,-,N,H,H,-,-,H,H,N,N,-,-,D,D,D,D,D,H,H,-,H,-,N,N,N,N,D,-,-,N,N,H,H,N,N,-,H,H,-,D,D,-,D,N,D,D,H,D,H,D,D,-,D,D,D,D,H,D,N,H,N,D,D,D,-,H,H,N,N,D,N,N,N,-,D,H,N,N,H,D,D,N,N,D,N,D,-,D,D,D,H,D,H,D,N,N,N,N,-,D,H,D,N,N,H,N,N,N,H,D,H,N,D,N,H,D,H,D,-,H,D,D,D,N,D,D,H,D,N,D,D,D,H,D,D,N,H,D,H,H,H,N,N,N,N,D,N,N,N,N,H,N,-,D,D,-,H,-,H,N,N,H,H
18.275,N,N,N,N,N,N,D,D,-,H,H,H,H,H,D,D,D,-,H,H,-,D,H,-,H,N,D,H,N,H,D,-,D,D,-,D,-,D,H,N,H,H,H,H,H,D,N,H,H,D,H,D,-,D,H,H,D,N,N,-,-,-,-,-,D,N,H,H,H,N,-,D,H,D,N,H,N,N,N,-,D,D,D,-,D,N,H,D,H,H,D,-,N,-,-,D,H,-,-,H,H,H,H,H,H,H,N,H,H,H,H,-,D,H,H,N,H,H,H,H,N,H,N,D,D,H,D,H,N,N,N,H,N,H,-,N,D,D,H,H,-,D,D,D,D,N,H,D,N,N,-,H,H,D,N,H,D,N,D,D,H,D,-,-,D,H,N,N,-,H,H,H,D,N,H,D,N,N,N,N,H,N,H,D,D,N,N,N,D,H,D,D,H,N,H,D,H,H,D,H,D,D,H,D,H,H,D,N,N,-,D,H,H,H,H,N,H,N,H,H,H,H,D,N,H,H,D
.,D,D,D,D,H,N,D,H,H,H,H,H,H,H,N,H,D,H,H,H,H,H,N,N,H,N,H,N,H,N,H,H,D,H,N,N,D,N,N,N,N,N,N,D,D,D,N,N,N,H,N,H,H,H,D,H,-,H,H,H,H,-,H,H,N,H,H,H,H,H,H,N,N,H,N,H,D,D,D,D,D,D,D,H,H,H,H,H,H,-,H,N,D,H,H,H,N,H,H,H,H,H,H,H,H,H,H,H,N,H,D,H,D,H,H,H,H,H,H,H,H,H,N,D,H,N,H,H,N,H,D,H,N,H,H,N,-,D,N,H,H,D,H,H,H,H,H,N,H,N,N,N,N,-,H,H,N,H,D,N,D,D,-,H,H,H,H,H,H,H,H,H,D,D,D,D,D,D,N,-,H,N,H,N,D,H,H,H,H,H,D,H,H,D,D,H,H,D,N,D,D,N,H,H,N,D,H,H,H,H,H,H,D,D,H,N,H,H,H,H,H,H,D,H,H,H,N
0.5344,H,H,H,H,H,N,D,H,H,H,H,N,H,H,H,H,H,H,H,H,-,H,N,N,H,N,N,N,H,H,H,D,D,H,D,N,D,D,N,-,N,N,-,N,H,D,D,D,N,D,H,-,-,H,H,D,D,H,-,-,-,N,N,N,D,N,H,H,-,D,H,H,H,N,-,N,H,H,H,D,D,H,H,H,H,H,H,N,N,N,H,N,N,N,D,N,N,N,N,N,N,-,N,N,D,N,N,N,N,H,D,H,-,N,H,H,H,H,H,H,H,H,N,D,N,N,H,H,-,H,-,N,N,H,N,-,N,H,N,N,N,D,-,H,N,H,N,D,N,D,N,N,N,-,H,H,H,H,H,D,D,D,-,H,H,H,N,N,D,N,H,N,D,D,D,D,H,D,H,H,H,H,N,D,D,H,-,N,H,H,-,H,D,D,H,H,H,D,D,H,D,D,-,D,D,N,N,-,D,N,N,N,N,N,H,N,-,H,D,N,N,N,H,N,N,H,D
.,D,D,D,D,H,N,D,N,-,N,D,-,D,-,H,D,H,H,H,-,H,H,H,D,N,H,H,H,N,D,N,N,N,N,H,H,H,H,H,H,H,H,H,-,H,N,D,H,-,H,N,N,-,D,D,D,D,N,-,N,N,N,N,N,H,N,N,H,H,H,N,H,-,N,N,H,N,N,N,N,N,N,N,N,N,-,H,N,N,D,H,N,N,N,N,N,N,H,H,D,D,D,D,D,D,D,D,N,D,D,D,H,N,D,H,-,D,D,D,D,D,D,H,N,H,H,H,D,N,N,D,N,N,N,H,N,N,-,D,D,D,H,D,H,H,N,N,D,N,D,H,H,H,H,N,D,H,D,H,H,N,H,D,H,N,D,-,N,H,H,H,H,D,D,D,D,N,H,H,N,N,N,H,D,D,H,D,N,H,N,D,D,D,H,N,H,H,N,N,N,H,H,H,H,N,N,N,D,D,H,N,H,N,N,N,H,D,N,D,N,D,N,N,N,H,H,D
10.2778,-,D,-,-,H,H,H,N,H,H,N,N,N,N,N,H,H,N,N,N,H,N,N,-,H,H,H,H,H,H,H,H,H,H,-,H,H,H,-,H,H,H,H,H,D,H,N,N,N,N,H,D,-,N,D,N,N,H,H,N,D,H,D,D,H,D,H,H,N,H,N,N,H,-,H,H,H,H,H,-,H,H,H,-,D,H,N,D,H,H,N,-,H,D,H,H,N,-,N,N,N,N,H,H,H,H,H,H,H,D,H,-,D,H,D,H,N,N,-,N,N,N,H,D,H,N,N,N,H,-,D,H,H,H,H,H,H,N,H,H,D,H,H,N,N,N,H,D,N,N,H,H,H,H,H,N,H,-,H,H,H,H,H,N,H,H,D,D,H,N,N,N,N,H,H,D,H,H,H,H,H,D,H,N,H,H,H,D,N,H,D,N,H,H,H,N,D,-,-,N,N,H,N,H,N,D,H,H,H,N,H,H,H,H,N,H,H,N,D,H,H,H,D,D,N,N,N
.,N,N,N,N,D,H,H,H,H,H,H,N,H,H,D,N,H,H,H,-,N,H,D,-,D,-,D,D,D,D,-,H,H,D,N,-,D,H,N,D,D,-,D,H,D,H,H,D,D,H,D,D,H,H,D,-,H,D,H,H,H,-,H,H,H,H,H,H,H,H,H,D,H,H,H,H,H,H,H,-,D,H,H,-,D,H,N,H,H,D,H,-,D,-,-,H,D,-,N,N,N,N,N,N,N,H,-,N,D,H,H,-,D,N,H,H,H,H,-,H,H,H,H,H,-,D,H,H,H,D,N,H,H,H,H,H,H,H,H,H,-,H,N,H,H,H,D,H,H,H,D,D,D,D,H,H,D,-,H,H,H,H,N,D,D,D,H,H,D,N,N,N,H,-,D,D,H,D,D,N,D,N,H,H,D,D,D,H,H,H,D,H,H,H,H,H,H,H,D,D,D,D,D,D,D,D,H,-,D,D,H,D,D,D,N,H,N,N,H,H,N,D,D,H,N,H,H
.,H,H,H,D,H,H,H,H,H,H,D,H,D,D,N,D,N,H,H,H,D,H,D,-,D,D,D,D,-,D,H,D,N,D,H,H,H,H,D,D,D,D,D,D,D,H,N,H,H,H,D,H,D,H,H,H,H,N,N,-,N,H,N,N,H,H,N,N,N,N,N,N,H,H,H,D,H,H,H,-,D,-,N,N,N,N,D,D,H,H,H,-,D,N,N,H,N,D,D,N,N,N,N,N,-,H,D,D,D,D,D,H,D,N,D,N,D,D,D,D,D,D,D,D,H,D,H,D,D,H,D,D,D,H,D,D,H,H,D,H,H,N,D,H,H,H,H,D,H,D,D,D,D,D,H,D,D,N,N,D,N,N,N,D,D,H,N,N,H,D,D,D,N,D,H,H,H,H,-,D,D,D,D,N,D,H,H,N,H,H,H,H,H,N,H,H,H,-,D,H,H,H,D,H,D,D,H,N,H,H,H,H,H,D,H,H,-,H,D,H,N,H,D,N,D,H,N
.,D,D,H,H,D,H,H,H,D,D,H,N,H,H,D,N,H,N,N,H,H,N,D,D,D,D,D,D,D,D,H,D,H,H,H,H,N,H,D,H,N,D,D,H,D,N,H,N,N,N,H,-,D,D,H,D,N,D,D,D,D,D,D,D,H,D,D,D,D,D,D,D,N,D,N,N,N,N,N,N,D,H,H,H,H,H,H,H,H,D,N,D,D,D,H,H,D,D,D,D,H,H,D,D,D,H,D,H,D,H,H,-,D,D,H,H,H,H,H,H,H,H,H,-,N,D,N,H,H,D,H,H,H,H,N,H,H,H,H,H,H,H,N,N,N,H,D,N,D,H,D,D,D,D,H,N,D,D,-,D,H,H,D,H,H,H,D,D,H,H,H,H,H,H,H,D,N,H,H,H,H,N,N,H,-,D,H,D,N,H,H,D,N,H,N,N,H,N,N,D,H,H,H,H,D,D,H,H,D,H,H,D,-,D,D,H,D,N,H,D,D,D,H,D,H,N,H
.,H,H,H,H,D,D,N,N,N,N,N,N,N,N,D,N,N,H,H,N,N,H,D,-,D,D,D,D,D,D,H,H,D,H,D,H,H,H,D,D,D,D,D,H,H,N,D,N,N,H,H,H,H,N,D,N,-,H,H,H,H,H,H,H,H,H,D,D,D,D,D,D,H,H,N,H,N,N,N,N,N,N,N,N,N,N,H,H,H,H,H,H,H,H,H,H,H,H,H,H,H,H,H,H,H,H,H,N,D,N,N,-,H,H,N,N,N,N,N,N,N,N,D,H,H,D,H,N,D,D,H,D,H,N,H,D,H,N,H,H,N,D,N,H,H,H,H,H,H,H,D,D,D,D,H,N,H,H,H,H,H,D,-,D,H,D,H,H,D,N,H,N,D,-,H,H,N,H,H,N,H,N,H,D,D,D,D,H,H,N,D,N,N,N,N,H,H,H,H,D,H,H,D,H,H,H,H,-,D,D,H,H,H,H,H,D,H,N,N,H,H,H,H,H,N,H,D
.,N,N,N,N,N,D,N,H,H,H,H,D,H,D,N,D,D,N,N,D,-,N,-,H,H,H,H,H,H,H,H,D,H,D,D,-,N,D,H,H,H,H,H,H,H,H,H,N,N,N,N,-,H,H,H,D,N,N,-,H,H,H,H,H,D,H,H,H,-,H,H,N,H,H,H,D,H,-,D,D,D,D,D,D,D,D,H,H,H,H,N,H,D,D,D,D,H,H,H,N,H,H,H,H,H,H,D,D,H,D,D,D,H,H,D,D,H,H,H,H,H,H,D,D,D,H,N,H,D,H,N,D,D,H,D,D,D,D,N,H,N,H,D,N,N,H,N,D,H,D,H,H,H,H,H,H,D,H,-,D,-,H,-,H,D,H,H,H,D,H,H,H,H,H,H,H,H,H,D,D,N,H,D,H,H,N,N,N,N,H,D,H,H,D,D,N,N,N,N,H,N,-,H,D,H,H,D,N,H,D,D,H,N,N,H,-,H,H,D,H,H,H,D,H,H,N,H
.,D,D,D,D,H,N,D,H,H,H,N,N,N,N,N,H,N,N,N,H,H,N,N,H,H,-,N,N,H,N,H,H,H,H,D,-,H,-,N,D,N,N,N,N,H,D,H,D,D,D,H,-,N,D,N,D,H,H,N,H,H,D,H,H,-,H,H,H,H,D,H,N,H,H,H,-,H,-,H,H,H,N,N,D,N,-,N,D,H,D,N,H,H,H,H,N,N,H,H,H,D,D,D,H,H,H,H,H,N,H,D,H,H,H,H,-,N,N,N,N,N,N,N,H,-,N,N,N,-,N,D,N,N,H,N,-,H,N,N,H,H,-,H,N,N,N,D,H,H,D,-,N,N,-,H,N,H,H,H,H,D,H,D,H,H,D,H,H,H,H,N,H,H,H,H,H,H,H,H,H,N,H,-,H,D,H,H,H,N,H,N,D,H,H,H,N,D,H,H,N,H,H,H,H,D,H,H,-,N,H,H,H,D,D,-,N,H,H,H,H,D,D,N,H,H,N,H
.,N,N,N,N,H,H,H,H,-,H,H,D,H,H,N,H,D,H,H,H,D,H,H,H,H,H,H,H,H,D,H,H,H,-,H,H,N,H,H,H,H,H,H,H,D,N,D,D,D,D,H,D,D,D,D,D,H,N,N,-,N,N,N,N,H,N,N,H,N,N,N,N,H,N,D,D,D,D,D,D,D,H,H,N,H,D,D,H,H,D,H,D,H,H,H,H,D,D,D,N,N,N,N,N,H,H,H,D,H,H,D,H,H,H,H,D,H,H,H,H,-,H,H,H,D,H,H,H,-,H,N,H,H,H,D,H,H,D,N,D,D,H,D,H,-,H,D,N,H,H,H,H,H,-,H,H,H,N,H,H,D,H,D,H,D,H,-,N,H,D,D,D,H,H,H,H,D,D,H,D,H,N,D,D,D,H,H,H,H,H,D,D,H,D,D,H,H,-,N,H,N,H,N,H,D,D,H,H,H,H,H,H,H,H,N,H,H,D,H,N,N,D,D,N,N,H,D
19.6,N,N,N,H,H,H,H,-,N,N,H,D,H,D,D,D,N,D,D,-,D,D,H,-,H,N,H,H,N,H,-,N,N,H,N,D,D,N,H,H,D,H,H,H,H,D,H,H,H,N,H,-,N,N,H,N,H,D,D,D,D,-,D,D,N,D,D,D,D,D,D,D,H,H,H,H,H,H,H,N,N,N,N,-,H,H,D,D,H,H,D,H,-,-,H,N,H,H,H,H,H,H,H,H,H,N,N,D,H,N,N,-,H,H,N,H,H,H,H,H,H,H,H,-,H,-,D,H,H,H,H,H,H,N,H,H,H,D,N,H,-,N,D,D,D,H,H,D,H,H,H,H,H,H,N,H,H,-,N,N,N,N,H,N,H,N,D,D,D,H,D,H,D,-,D,D,H,H,H,D,H,H,H,H,H,N,H,D,-,N,H,N,H,D,N,D,D,D,D,H,D,N,D,N,H,N,H,H,-,D,H,H,H,H,H,H,H,H,N,N,H,H,H,D,H,D,H
0.5429,H,H,H,H,H,H,H,H,H,H,N,N,N,H,H,H,N,D,-,N,H,D,D,D,H,D,H,D,D,D,D,D,D,H,H,H,H,H,D,D,D,D,D,H,H,H,H,H,H,N,H,N,N,N,H,N,H,-,H,H,H,-,H,H,H,H,H,H,H,H,H,H,H,H,H,N,H,N,N,N,N,H,H,H,H,H,H,H,H,H,D,-,H,D,D,D,N,H,H,H,H,H,H,H,H,D,H,H,D,H,H,H,H,D,H,H,N,N,N,N,N,N,H,H,N,D,D,N,H,H,H,H,H,H,N,H,D,N,N,H,H,D,H,D,D,H,H,H,H,H,D,D,D,D,D,N,D,H,D,D,D,D,H,D,N,H,H,H,N,H,H,H,H,D,H,D,H,H,H,H,H,H,N,H,H,H,H,H,H,H,H,N,H,H,N,D,H,N,N,H,H,H,N,H,D,H,D,D,N,N,D,H,H,H,H,H,H,N,H,H,H,H,H,H,H,H,H
3.24,D,-,-,D,H,N,N,N,N,N,D,D,-,D,H,D,H,H,H,D,D,-,H,-,H,-,H,-,H,H,D,-,H,N,-,H,-,H,H,-,H,H,-,H,N,N,D,D,-,H,H,H,H,D,H,D,D,D,D,D,D,D,-,D,H,D,N,D,D,D,D,-,N,-,H,H,-,H,-,H,D,H,-,-,H,H,H,N,D,D,H,H,H,N,H,H,H,H,H,H,H,N,N,-,N,H,N,-,H,H,N,N,-,H,N,H,D,D,D,D,D,D,N,H,H,H,H,D,N,-,D,N,N,N,H,N,H,H,D,H,-,N,-,H,H,N,H,D,N,H,H,H,H,N,H,D,D,N,H,D,H,H,D,H,D,D,D,D,H,H,H,H,D,D,H,H,H,-,H,D,N,H,H,N,D,D,D,D,-,N,H,D,N,H,H,-,H,D,D,N,D,H,D,H,H,H,H,H,-,-,H,D,D,D,H,N,N,H,N,D,D,H,N,D,H,H,D
5.05,N,N,N,N,N,D,N,D,N,N,H,H,-,N,H,H,H,D,H,H,H,D,H,H,H,H,H,-,H,H,H,H,N,D,N,N,H,N,H,D,H,H,-,H,H,H,D,D,H,H,H,H,H,D,D,H,D,D,H,H,H,N,H,H,N,H,H,H,H,H,H,D,D,H,D,H,D,D,D,H,H,H,H,H,H,H,H,H,N,H,H,N,H,H,H,N,N,D,D,D,H,H,H,-,H,H,N,N,H,N,N,H,H,H,H,H,-,N,H,N,N,N,-,H,D,H,H,H,D,D,N,D,D,D,D,D,H,H,N,H,H,N,H,H,H,D,H,H,D,H,H,H,H,H,H,N,H,H,N,H,N,N,N,N,D,N,-,H,N,H,H,H,D,H,H,D,D,H,N,H,H,H,H,D,H,N,N,H,H,D,D,D,D,D,H,D,H,H,-,D,H,N,N,N,D,H,H,H,-,N,H,H,N,N,H,H,H,H,N,N,H,-,D,H,H,D,D
3,H,H,D,H,-,H,H,H,-,D,N,N,N,N,H,N,H,-,N,N,-,N,N,N,D,N,H,N,-,N,H,N,H,H,D,-,N,-,N,N,N,-,N,-,-,H,D,H,H,N,D,-,-,-,H,N,H,D,-,-,H,D,H,-,-,H,H,H,-,-,H,H,D,H,-,N,H,H,H,H,H,H,H,H,H,-,H,H,H,H,N,N,-,N,H,H,H,H,H,H,D,D,-,D,D,-,D,N,N,H,H,H,D,D,H,-,N,N,N,N,-,-,H,-,H,N,N,N,-,H,H,H,H,H,H,H,H,N,N,H,N,H,N,N,N,H,H,N,D,N,-,N,N,N,H,N,N,D,H,N,H,H,H,D,H,D,H,H,D,H,H,H,H,H,H,H,H,H,H,N,D,N,N,H,H,N,N,H,N,H,H,N,D,H,H,N,H,-,H,D,N,-,H,N,H,N,H,H,H,H,H,H,H,H,-,H,D,N,H,-,D,-,H,H,H,N,H
.,H,H,H,H,-,D,N,D,H,H,H,H,D,D,D,H,D,H,H,H,-,H,D,D,N,D,H,D,N,D,N,D,N,H,H,-,H,-,D,H,N,H,D,H,N,N,-,N,N,N,D,-,-,H,H,-,N,D,-,N,D,D,D,-,-,D,D,D,-,D,D,H,H,D,-,-,H,H,D,D,D,D,D,D,D,N,H,H,H,D,D,D,N,H,H,H,N,H,H,H,H,H,H,H,H,H,H,H,D,H,D,H,N,H,H,N,D,D,D,D,H,D,D,N,D,D,D,D,D,H,H,D,D,H,D,D,H,D,D,D,H,N,H,D,D,D,H,-,D,D,-,D,D,D,N,D,D,H,N,D,N,N,-,N,H,N,D,D,H,H,H,H,H,H,H,H,H,H,D,H,D,H,-,H,H,H,H,D,H,H,H,H,H,H,D,H,N,-,D,H,H,-,H,D,D,H,H,H,N,H,H,H,D,D,D,H,H,H,H,-,H,N,H,D,H,-,H
0.45,H,H,H,H,H,H,H,N,N,-,H,H,H,H,H,H,N,H,H,H,H,N,N,H,H,N,N,N,N,N,N,H,N,H,H,H,D,H,N,N,N,N,N,N,N,D,D,D,H,D,H,-,H,D,H,D,H,N,-,N,N,D,N,N,H,N,N,H,D,N,N,H,N,N,H,H,H,N,N,N,N,N,H,H,H,D,N,H,H,N,N,H,N,H,H,N,H,D,N,H,H,H,H,H,H,H,D,H,N,D,D,D,H,H,D,D,H,H,H,H,H,H,H,D,D,N,N,H,H,H,H,H,H,N,H,H,H,H,N,H,H,N,H,N,H,N,N,N,N,H,N,N,N,N,N,H,N,H,N,H,N,N,D,N,H,N,-,N,N,H,N,H,H,H,H,H,H,D,D,H,H,H,H,D,D,N,N,N,H,N,H,D,H,H,N,N,N,H,-,H,D,-,N,H,H,N,H,H,H,N,H,N,H,H,D,H,H,H,D,D,H,N,H,N,H,N,D
1.94,H,H,H,D,D,D,N,N,H,H,N,N,H,D,D,D,N,H,H,D,D,H,H,H,H,H,H,H,H,H,H,H,H,N,H,H,D,H,H,H,H,H,H,H,D,H,H,N,N,N,N,N,N,H,H,H,N,H,D,D,D,-,D,D,H,D,D,H,H,H,H,H,H,D,H,N,N,N,N,N,N,N,N,N,N,N,H,H,N,N,H,N,-,D,H,H,H,-,N,N,N,N,N,N,N,H,H,D,H,H,D,H,H,N,H,N,-,H,N,H,H,H,D,H,N,H,D,N,D,D,D,D,D,H,N,D,H,N,N,D,N,H,D,D,-,H,H,-,H,D,H,H,H,D,H,H,H,N,H,H,D,H,H,D,N,D,D,D,H,H,H,H,N,N,N,N,N,N,N,D,N,H,N,H,N,H,N,D,H,H,H,H,H,N,N,H,H,-,H,D,D,H,D,H,-,D,-,H,H,D,H,H,N,N,-,D,N,D,H,N,N,H,N,D,H,H,H
0.72,H,H,H,H,H,D,N,D,D,D,H,D,H,H,H,N,N,D,H,N,N,D,H,-,N,N,H,H,N,H,-,-,N,H,-,N,H,D,-,H,D,H,H,-,H,-,D,N,N,N,H,H,D,D,N,-,-,H,H,H,H,H,H,H,D,H,H,H,H,D,H,H,H,D,-,D,H,H,H,-,H,N,N,-,-,H,H,D,H,H,D,H,H,N,N,H,H,-,H,D,H,D,D,D,D,H,H,N,H,H,D,-,N,D,H,H,H,H,D,H,H,H,D,H,H,H,D,H,D,H,H,D,D,D,D,D,H,H,N,H,N,N,N,D,-,H,N,N,H,N,H,H,H,-,N,H,H,-,N,H,N,H,D,H,H,D,H,H,N,N,H,N,D,-,N,N,H,N,H,N,H,N,D,D,H,H,D,H,H,D,N,D,H,H,H,D,N,H,H,N,H,D,N,D,H,H,H,H,H,N,H,H,H,H,-,H,D,H,H,H,D,N,H,H,N,H,D
0.45,H,-,H,H,H,H,H,H,H,H,H,H,D,D,D,D,H,H,H,H,-,H,D,-,D,-,D,D,-,D,N,D,N,H,-,-,-,-,D,D,N,D,H,H,D,D,H,H,D,H,H,-,-,N,H,N,H,-,-,H,N,H,H,H,-,H,-,H,D,D,H,H,H,H,H,D,H,H,-,H,D,H,H,N,H,D,N,D,H,H,D,-,N,N,N,D,D,H,H,D,H,H,H,H,H,-,H,H,D,D,H,H,D,D,N,D,D,D,D,D,H,D,H,H,H,D,D,D,-,-,H,N,D,-,H,H,N,H,D,D,H,N,-,D,D,H,H,H,N,D,-,D,D,D,N,D,D,N,N,D,N,N,H,H,H,H,H,N,N,H,N,H,-,-,H,H,H,D,H,-,H,H,D,H,H,N,N,H,D,H,H,N,H,H,H,H,D,-,D,N,H,-,N,N,D,H,N,D,N,N,N,H,N,N,H,H,H,H,H,H,H,H,H,-,H,-,H
10.3778,D,D,D,D,D,N,D,D,D,D,N,N,N,N,N,D,H,H,H,H,D,H,H,H,H,H,H,H,H,D,H,H,D,H,D,H,H,H,H,H,H,H,H,H,H,H,H,H,H,D,N,H,D,D,D,D,H,H,H,H,H,N,H,H,H,H,N,H,N,N,N,N,H,H,H,D,H,H,H,D,D,H,H,H,H,H,H,H,N,-,H,D,H,D,D,D,H,H,H,H,H,H,H,N,N,H,N,H,H,N,N,N,H,N,H,H,N,N,N,N,N,N,N,H,D,H,H,N,H,D,D,H,H,D,D,H,D,N,N,H,H,D,D,H,H,D,H,H,D,D,H,H,H,H,H,N,H,H,D,H,D,D,D,D,H,D,H,H,D,H,H,H,D,H,H,H,H,N,N,D,N,H,D,H,D,H,H,D,H,D,D,D,H,H,D,H,H,H,H,D,H,H,D,H,H,H,D,N,D,D,D,H,N,N,H,N,N,N,N,N,H,H,D,H,H,H,H
.,H,H,H,H,H,D,N,N,N,N,H,D,H,H,H,N,H,H,H,-,N,H,H,-,H,-,H,H,N,H,N,H,N,H,N,N,-,N,-,-,-,H,H,H,H,H,N,N,N,D,H,H,H,N,N,-,H,-,H,H,H,D,H,H,N,H,H,D,D,D,D,H,N,-,D,D,N,N,N,H,D,H,H,-,D,H,H,-,H,-,H,N,D,H,D,D,N,-,-,D,D,D,D,D,D,D,-,D,H,D,D,-,H,D,D,H,H,H,H,H,H,H,D,-,D,H,H,H,D,H,H,D,D,N,D,D,D,-,N,D,-,N,N,H,H,H,D,N,H,N,H,H,D,H,N,H,H,-,N,H,N,N,-,-,H,N,H,H,N,H,H,H,D,-,H,H,N,H,H,N,H,D,D,N,D,H,H,H,H,N,H,N,N,N,H,H,H,N,H,H,N,N,H,N,D,H,D,-,N,N,D,H,H,H,D,H,D,H,D,D,D,H,H,H,H,H,N
0.982,H,H,H,H,D,D,N,D,D,D,H,N,N,N,D,N,D,N,N,N,N,N,N,-,N,N,N,H,N,N,N,H,N,H,N,N,H,N,N,H,N,N,N,N,D,N,H,H,H,H,H,H,H,H,D,N,D,D,D,D,D,-,D,D,N,D,D,D,D,D,D,D,D,D,H,H,H,H,H,D,-,D,D,D,D,H,H,H,H,H,N,-,-,H,H,H,D,H,H,D,D,D,D,D,D,D,-,N,N,H,D,-,N,D,H,H,H,H,H,H,H,H,D,N,H,N,N,H,D,D,H,D,D,-,H,D,H,H,N,H,N,N,-,N,N,D,N,N,D,-,N,N,-,-,N,N,N,D,N,H,N,N,N,D,H,D,D,D,H,H,H,H,D,D,D,D,H,H,H,N,H,H,H,H,D,D,D,D,N,D,H,H,D,H,D,N,H,H,-,D,H,-,H,N,D,D,H,-,H,-,H,H,H,H,N,H,D,N,H,H,D,N,H,D,H,N,H
4.65,N,N,N,N,N,N,N,N,N,N,N,N,N,N,D,D,H,D,H,D,-,D,H,H,H,H,H,H,N,H,N,H,N,H,H,-,D,H,H,N,H,H,H,H,N,D,H,D,H,N,H,N,-,H,H,N,H,H,-,H,H,-,H,-,H,H,H,H,H,H,D,D,H,H,N,H,N,N,N,N,H,D,D,D,D,H,D,D,H,D,D,D,H,D,D,D,N,D,D,D,H,-,D,D,D,D,D,D,H,N,N,N,H,D,N,H,N,N,N,N,-,N,N,H,H,H,D,N,H,N,N,H,H,N,H,H,D,N,N,H,N,N,D,D,D,H,D,D,N,H,H,H,H,-,N,N,H,D,N,H,N,N,H,H,H,H,H,H,D,H,H,H,H,D,H,H,N,H,H,D,H,N,H,H,H,H,D,H,D,N,H,H,H,N,N,D,D,D,D,N,H,-,H,H,D,N,D,N,H,H,D,D,D,D,D,N,D,H,N,D,D,-,H,H,H,H,H
0.3533,N,N,N,H,H,D,N,D,H,H,H,H,H,H,H,H,H,D,D,H,H,D,N,D,N,N,N,N,H,N,D,H,D,N,D,D,H,D,N,N,N,N,N,D,H,N,H,H,H,N,D,N,H,H,H,-,H,H,H,H,H,H,H,H,D,H,H,H,H,H,H,H,H,H,H,H,H,H,H,H,H,H,H,D,D,D,H,H,H,N,D,H,D,D,D,D,N,N,N,H,H,-,H,H,H,H,H,H,N,D,D,D,N,H,D,D,H,H,H,H,H,H,D,H,H,N,D,H,D,H,H,D,D,H,H,D,D,H,N,H,H,D,H,D,H,D,H,H,D,H,N,N,H,N,D,H,H,H,D,H,D,D,H,H,H,H,H,H,H,H,H,H,N,N,N,N,H,D,D,H,-,H,H,H,N,D,N,H,D,H,H,H,H,H,H,D,N,-,H,-,H,H,H,H,N,D,D,N,D,H,D,H,H,H,N,H,H,H,D,H,H,H,H,H,H,H,H
16.85,H,H,H,H,H,D,N,N,N,N,H,H,N,N,-,N,D,-,N,H,N,N,H,D,H,D,H,D,D,D,H,H,H,H,D,-,H,D,D,H,D,-,D,H,H,N,-,D,H,D,D,-,-,-,H,H,D,H,H,H,H,H,H,H,D,H,H,H,H,N,H,H,D,H,-,N,D,D,D,D,D,D,D,D,D,D,N,D,H,N,N,-,-,N,N,H,N,N,N,H,N,N,N,N,N,N,N,H,-,N,N,N,H,N,N,D,H,H,H,H,H,H,D,H,N,D,N,H,N,H,H,D,D,N,N,D,-,H,D,N,H,H,N,N,N,N,D,N,N,H,-,D,D,D,H,H,H,H,H,H,D,H,N,H,H,H,H,-,N,N,N,N,D,H,H,H,D,D,D,N,H,N,N,H,D,D,D,H,N,N,H,H,D,D,D,N,D,H,H,N,H,D,H,D,N,H,N,N,H,H,N,H,H,H,N,H,N,H,N,H,N,D,H,H,N,N,H
4.85,N,N,N,N,N,H,H,N,N,N,H,H,H,H,H,H,D,N,N,H,H,N,-,H,N,H,H,H,H,H,H,H,H,H,N,N,D,N,H,H,H,H,H,H,-,N,H,H,H,N,H,N,N,H,H,-,H,H,H,H,H,-,H,H,N,H,H,H,H,H,H,H,N,H,D,D,H,H,H,D,D,D,D,D,D,H,H,H,H,H,N,-,D,D,D,D,H,N,N,H,H,H,H,H,H,H,H,H,H,H,D,H,N,H,H,H,H,H,H,H,H,H,H,N,D,H,N,H,H,D,N,H,H,N,D,H,D,H,N,H,H,H,H,N,N,H,D,N,D,N,H,H,H,H,H,H,H,H,H,H,H,H,N,N,H,N,H,-,N,H,H,H,H,N,N,N,H,N,N,H,H,D,D,H,N,H,H,H,N,N,H,H,N,H,D,N,H,H,N,D,D,-,N,N,H,D,D,N,H,N,D,H,H,H,H,-,D,H,H,H,H,D,H,H,H,N,H
3.57,D,D,D,D,D,D,N,D,D,D,H,H,H,N,D,H,N,N,N,D,-,N,H,H,D,H,H,H,H,D,H,N,H,H,N,-,H,H,H,D,H,H,H,H,D,D,H,H,H,H,D,-,N,D,H,D,H,D,-,D,D,H,D,D,H,D,D,D,-,D,D,D,D,D,H,N,H,H,H,N,N,H,H,H,H,-,H,D,H,H,N,H,H,D,D,D,H,H,H,D,H,H,H,H,H,H,H,D,H,H,D,H,D,H,H,-,D,D,D,D,H,D,D,H,H,H,N,D,D,D,D,D,D,D,H,D,D,D,D,H,H,H,D,N,N,D,H,N,D,H,-,H,H,H,H,D,H,H,H,N,H,H,-,N,H,N,D,-,H,H,H,H,-,N,N,N,H,N,N,H,D,H,N,H,-,N,D,H,N,D,H,D,D,H,N,N,D,-,-,D,H,-,H,H,H,H,D,D,N,H,D,H,H,H,N,D,H,H,H,H,H,N,H,D,H,N,H
6.2875,H,H,H,D,D,H,H,D,D,D,H,H,H,H,H,N,N,D,D,H,N,D,D,D,H,D,H,D,N,D,N,H,N,H,H,H,H,H,D,H,N,D,D,D,H,H,H,D,D,D,H,-,D,D,H,D,D,H,N,-,N,D,N,N,H,N,N,N,N,N,N,H,H,N,N,D,H,H,H,H,N,N,N,N,N,H,N,N,N,H,D,D,H,H,H,H,N,D,D,D,H,H,H,H,H,-,H,H,D,H,D,H,H,H,H,H,H,H,H,H,H,H,H,H,D,D,D,H,H,D,D,H,H,D,D,H,H,D,N,H,H,N,N,D,D,D,N,N,D,H,D,D,D,D,N,H,D,H,N,H,N,N,D,N,H,N,N,-,H,N,N,N,D,D,H,H,H,H,H,N,H,N,D,H,D,D,D,N,H,D,H,D,D,N,H,D,H,N,H,D,H,H,H,H,D,H,H,H,N,H,H,H,H,H,N,H,H,H,H,H,H,N,H,N,N,H,H
.,H,H,H,H,H,N,D,D,H,H,H,D,-,H,H,H,N,H,H,D,D,H,H,H,H,H,H,-,H,H,D,H,D,H,H,H,N,H,H,D,H,H,H,H,H,N,N,N,N,N,H,N,N,H,H,H,-,N,N,-,H,-,N,N,H,N,N,H,N,N,N,-,N,N,H,N,-,H,H,H,H,D,D,D,D,H,H,N,H,H,-,D,H,H,H,H,N,H,H,H,H,H,H,-,H,D,D,H,H,D,D,D,H,H,D,H,H,H,H,H,H,H,-,H,N,H,H,H,N,H,H,N,N,H,N,N,H,D,N,H,-,D,-,H,H,D,N,H,D,H,H,H,H,H,D,H,H,H,D,H,D,D,N,H,-,H,-,-,H,H,H,H,H,H,H,H,H,H,H,D,H,H,N,N,H,N,N,N,-,H,H,N,N,D,N,H,N,N,N,-,N,H,H,H,D,H,H,H,-,N,H,N,N,N,H,N,H,H,D,N,-,N,H,N,H,H,N
.,D,D,D,H,H,D,N,N,N,N,H,D,N,N,N,H,N,D,H,H,-,D,N,-,-,-,N,N,H,N,D,H,N,N,D,D,-,H,N,H,N,N,-,D,D,D,D,H,H,H,D,H,D,D,N,D,D,N,H,H,H,H,H,N,H,N,N,N,N,N,N,N,-,H,H,D,N,N,N,N,-,H,H,N,H,H,N,H,H,D,H,D,H,H,H,N,D,-,N,H,H,H,H,H,H,H,N,D,N,N,N,-,H,H,H,H,-,N,H,N,N,N,D,H,D,N,H,H,D,H,H,D,D,N,D,D,H,D,N,H,D,N,H,H,H,H,D,N,H,H,N,N,N,-,D,N,N,-,N,H,N,N,D,H,N,D,N,-,H,D,N,N,D,-,H,H,N,H,D,H,H,H,D,D,D,N,N,N,-,N,N,D,H,N,N,D,H,H,H,H,N,H,H,H,D,H,H,H,H,H,H,D,H,H,N,H,N,H,N,H,H,-,D,N,N,H,D
1.65,H,H,H,H,D,D,N,H,H,H,H,N,N,N,H,H,N,N,N,H,H,N,H,H,-,H,H,H,H,H,H,H,H,D,H,D,D,D,H,H,H,H,H,H,H,N,H,H,H,H,H,D,D,H,D,H,H,N,N,-,N,N,N,N,D,N,N,N,N,N,N,H,H,N,N,D,H,N,N,N,N,N,H,-,H,D,D,N,N,H,N,H,N,N,N,N,H,D,D,H,H,H,H,H,H,N,N,H,H,N,N,H,D,H,H,D,H,H,H,H,H,H,D,D,D,H,N,H,D,D,H,D,D,H,D,D,N,H,N,H,H,H,H,N,N,N,H,D,D,D,H,H,H,H,H,N,H,H,H,H,D,-,N,H,D,H,N,-,D,D,D,D,H,H,H,H,H,H,H,H,H,N,D,H,H,N,H,N,N,H,D,H,H,H,N,N,H,-,D,D,D,D,D,D,H,H,N,D,H,D,N,H,-,N,H,D,N,N,N,N,H,H,D,N,D,N,H
9.7833,H,H,H,H,D,N,D,H,-,H,H,H,H,N,H,H,D,N,N,-,H,H,D,D,H,D,H,D,D,D,D,H,D,N,H,-,-,H,D,H,D,D,D,D,D,H,H,D,H,H,N,H,H,N,N,N,H,H,N,H,H,-,H,H,H,H,H,H,H,D,H,H,H,-,H,D,H,H,D,D,D,D,D,D,D,D,N,N,H,D,H,N,H,H,H,N,H,-,N,D,D,D,D,D,D,H,H,N,D,D,D,D,H,H,H,D,H,H,H,H,H,H,N,H,D,D,H,H,N,D,H,N,N,H,D,N,-,H,N,H,H,D,H,H,N,D,H,H,D,D,D,D,D,D,D,H,D,D,D,H,D,H,H,H,N,H,H,-,D,N,N,N,H,H,H,H,H,H,N,H,N,H,D,H,H,N,H,H,N,H,N,N,H,H,D,H,D,N,N,D,N,H,D,H,H,H,H,H,D,D,H,D,-,H,H,N,H,H,D,H,D,H,N,H,N,H,H
.,H,H,H,H,H,H,H,H,D,D,H,H,D,D,D,H,H,H,H,H,-,H,H,H,N,H,N,H,N,H,N,H,H,-,D,H,D,H,H,H,D,H,H,-,H,N,H,N,N,N,N,H,H,H,H,N,N,H,H,H,H,N,H,H,H,H,H,H,H,N,H,H,-,H,N,H,H,H,H,H,H,-,-,N,N,-,N,D,-,N,D,N,D,D,D,D,H,N,N,H,H,H,N,-,H,N,H,-,H,H,D,H,N,D,D,-,D,D,D,D,D,D,H,H,H,H,D,D,H,N,H,H,H,H,-,H,D,H,D,N,H,H,H,D,D,-,N,-,-,D,H,H,H,H,N,D,D,H,H,H,D,H,N,H,H,D,H,H,-,N,N,N,N,N,H,H,H,H,N,H,N,N,H,H,N,H,N,H,H,H,H,H,D,H,N,H,-,D,D,N,D,H,N,H,H,H,D,N,D,H,D,N,H,H,N,H,D,H,H,H,-,-,H,H,N,-,H
2.7778,H,H,H,H,N,H,H,H,H,H,N,N,N,N,H,N,H,H,H,H,H,N,D,D,H,D,H,D,D,D,H,D,H,H,D,-,H,D,D,D,D,D,D,H,H,D,H,H,H,D,D,H,H,D,H,D,H,D,D,D,D,D,D,D,D,D,D,H,H,H,D,H,H,D,N,H,H,H,H,H,H,H,H,H,H,H,N,H,H,D,H,H,N,N,N,N,H,H,H,D,D,D,H,H,H,H,H,H,D,N,N,N,H,H,N,H,N,N,N,N,N,N,H,H,H,D,H,N,H,D,H,D,H,H,H,H,N,N,N,N,H,H,N,H,N,H,H,N,D,H,D,D,D,D,H,N,D,H,H,D,D,H,D,H,H,D,D,D,D,N,N,N,D,D,D,H,H,D,D,H,H,N,H,H,D,D,D,D,H,H,H,D,H,H,H,N,N,H,H,D,H,D,D,D,H,H,N,N,H,D,N,D,D,D,H,H,H,N,N,D,H,-,H,D,N,H,H
3,H,H,H,H,H,D,N,N,-,N,D,H,D,-,H,N,H,D,D,-,-,H,D,D,H,D,H,D,D,D,D,H,D,N,N,N,H,N,D,D,D,D,D,D,D,N,N,N,N,H,H,H,H,D,N,D,H,N,N,N,N,D,N,N,N,N,N,N,N,H,D,H,-,D,H,H,N,N,N,N,N,H,H,H,H,H,N,D,H,D,D,H,D,D,D,D,H,D,D,N,N,N,N,N,H,H,H,H,D,N,N,N,H,N,N,H,D,D,D,D,D,D,D,N,D,D,D,D,D,H,H,D,D,N,-,D,D,D,D,H,H,D,N,D,D,N,-,H,H,H,-,D,D,D,D,D,D,H,D,H,D,D,D,N,N,N,-,N,H,N,N,N,N,N,N,N,N,H,D,N,H,H,H,N,-,H,H,N,D,N,N,D,-,N,N,H,D,N,-,H,H,N,H,N,H,D,D,N,D,-,D,H,D,D,D,H,H,D,N,D,N,H,N,N,N,H,N
.,H,H,N,N,N,N,D,H,H,H,N,N,H,H,N,D,D,H,D,-,D,-,N,N,H,-,N,N,H,N,D,N,D,D,H,N,H,D,N,N,N,N,N,D,N,N,H,D,H,H,H,H,H,H,D,D,H,D,H,H,H,D,H,H,D,H,H,H,H,H,D,N,D,H,H,H,D,D,D,D,D,D,D,D,D,H,D,H,H,D,H,D,H,H,H,H,N,D,D,N,H,H,H,H,H,D,D,D,N,D,D,D,H,H,D,H,N,N,N,N,N,N,N,H,H,N,D,N,H,H,N,H,H,H,H,H,H,N,N,H,D,D,D,N,D,D,D,H,D,D,N,N,N,N,D,N,N,H,D,N,D,D,N,H,D,H,H,H,D,D,D,D,-,N,H,H,D,H,H,D,H,H,H,H,-,H,N,H,H,H,D,H,D,D,D,-,N,D,H,H,H,D,D,D,D,H,H,H,D,D,H,D,-,D,D,N,H,H,D,D,H,D,D,H,D,H,H
.,N,N,N,N,H,D,N,H,H,H,N,N,-,D,H,H,H,-,H,H,H,H,H,N,H,H,H,-,H,H,H,H,D,H,D,H,H,H,H,H,H,H,H,H,N,D,H,H,H,H,H,H,H,N,H,H,H,N,D,D,D,N,D,D,H,D,D,D,D,-,H,D,N,D,H,D,H,H,H,H,D,D,D,D,D,-,D,H,N,H,H,-,H,H,H,N,N,N,N,D,H,H,H,H,H,H,H,D,H,H,D,H,H,H,H,-,N,N,N,N,N,-,H,H,D,H,H,N,D,N,N,D,D,H,-,D,H,N,N,H,H,D,H,H,N,H,H,-,H,H,H,H,H,H,H,N,H,H,H,H,D,D,H,D,H,D,D,H,H,D,D,D,H,H,H,H,H,H,H,H,H,H,D,H,H,N,H,H,H,H,H,N,-,H,H,H,N,N,N,N,H,H,N,N,D,H,H,H,H,H,H,H,N,N,D,H,H,H,H,H,-,-,H,D,D,-,H
.,D,D,H,D,H,N,D,D,-,H,H,N,H,D,D,D,N,N,N,H,D,N,N,N,N,N,N,N,H,N,H,N,H,D,D,-,H,D,N,-,N,N,N,D,D,D,D,H,H,N,H,N,N,N,N,D,H,N,H,H,H,D,H,H,D,H,H,H,H,H,H,H,N,H,H,N,H,H,H,D,-,N,-,N,N,N,D,H,H,D,H,-,D,D,H,D,H,D,D,H,H,H,H,H,H,H,H,H,N,H,D,H,N,H,N,N,D,D,D,D,D,D,H,N,N,N,N,D,N,N,H,N,N,H,N,N,H,H,D,H,H,H,D,H,H,H,D,N,H,H,N,N,N,-,N,H,N,-,H,-,D,H,H,-,D,H,H,H,N,D,D,D,N,N,N,N,H,N,H,D,H,N,N,D,N,N,N,H,N,H,N,N,-,H,N,N,H,N,N,N,H,D,N,D,H,D,H,H,N,N,H,D,H,H,D,H,H,N,H,D,-,-,D,H,N,H,D
2.3857,D,D,H,H,H,N,N,N,H,N,-,N,N,N,H,D,H,H,H,H,D,N,D,D,D,D,H,H,D,D,H,-,H,H,-,-,H,H,-,H,D,D,D,H,D,N,H,H,H,D,H,H,D,N,N,H,H,D,D,D,D,H,-,-,H,D,D,H,H,H,D,H,H,-,H,N,D,D,D,D,D,H,H,H,H,D,H,H,H,-,H,N,D,D,D,D,H,D,D,H,D,D,D,D,D,H,D,H,D,H,D,N,D,D,H,D,N,N,N,N,N,N,N,D,N,D,H,N,N,-,N,N,N,H,N,N,D,N,N,H,H,H,-,H,H,-,H,H,H,H,D,D,D,D,N,N,D,D,H,D,D,H,-,D,-,H,D,D,D,H,H,H,D,-,H,H,D,H,H,-,H,H,N,H,D,D,D,D,-,H,N,N,N,D,D,N,H,D,H,H,N,D,D,D,H,D,N,N,H,D,-,D,H,H,H,N,D,N,H,H,D,D,N,D,H,H,H
.,D,N,D,-,H,D,D,D,-,D,H,N,N,D,-,-,-,-,D,-,-,N,-,H,N,H,N,H,H,H,D,H,H,-,H,-,N,N,D,H,H,H,H,H,H,H,H,N,N,N,-,N,D,H,-,H,N,D,D,D,D,-,N,D,N,D,H,N,H,H,-,H,H,D,N,N,H,H,D,H,D,-,H,D,H,H,H,-,N,D,N,-,H,D,N,-,N,-,H,-,-,H,N,-,D,H,H,H,-,N,-,-,N,-,N,H,N,N,N,N,N,N,D,-,N,D,-,N,D,N,-,-,-,D,N,-,-,N,-,-,-,H,-,N,N,N,N,N,N,-,H,H,-,H,D,-,D,N,H,-,-,-,-,H,D,D,D,H,-,H,-,D,N,N,-,N,-,N,-,H,N,N,N,-,D,-,D,D,-,-,D,-,H,-,D,N,D,-,N,-,N,-,-,N,-,H,N,H,H,D,-,-,N,N,D,-,D,-,N,-,H,-,D,D,D,H,D